system:index,date,rainfall,system:band_names,system:bands,.geo,dry_day,CDD,rai,SPI
1_20230101,2023-01-01,0.00107802047373524,NA,NA,"{""type"":""MultiPoint"",""coordinates"":[]}",1,1,-0.7731540237563198,NA
1_20230102,2023-01-02,0,NA,NA,"{""type"":""MultiPoint"",""coordinates"":[]}",1,2,-0.7733991501487816,NA
1_20230103,2023-01-03,0.00335241326162902,NA,NA,"{""type"":""MultiPoint"",""coordinates"":[]}",1,3,-0.7726368594605382,-3.013776571729767
1_20230104,2023-01-04,0,NA,NA,"{""type"":""MultiPoint"",""coordinates"":[]}",1,4,-0.7733991501487816,-3.095039201086998
1_20230105,2023-01-05,0.21664308885775263,NA,NA,"{""type"":""MultiPoint"",""coordinates"":[]}",1,5,-0.7241376192991171,-2.0578293856929184
1_20230106,2023-01-06,0.28282324222591493,NA,NA,"{""type"":""MultiPoint"",""coordinates"":[]}",1,6,-0.7090892017199076,-1.7208341770268023
1_20230107,2023-01-07,0,NA,NA,"{""type"":""MultiPoint"",""coordinates"":[]}",1,7,-0.7733991501487816,-1.8554291686842665
1_20230108,2023-01-08,3.963889692177128e-4,NA,NA,"{""type"":""MultiPoint"",""coordinates"":[]}",1,8,-0.7733090169830363,-2.036043662508237
1_20230109,2023-01-09,0.0168212490532466,NA,NA,"{""type"":""MultiPoint"",""coordinates"":[]}",1,9,-0.7695742394002533,-2.7570018369365696
1_20230110,2023-01-10,0.01637260341752326,NA,NA,"{""type"":""MultiPoint"",""coordinates"":[]}",1,10,-0.7696762549823856,-2.6681886619341046
1_20230111,2023-01-11,0.01822324449514165,NA,NA,"{""type"":""MultiPoint"",""coordinates"":[]}",1,11,-0.7692554457471709,-2.668680304305174
1_20230112,2023-01-12,0.051644091068405,NA,NA,"{""type"":""MultiPoint"",""coordinates"":[]}",1,12,-0.7616560246293724,-2.7606285409231024
1_20230113,2023-01-13,0.04239138458901314,NA,NA,"{""type"":""MultiPoint"",""coordinates"":[]}",1,13,-0.7637599573607633,-2.2348748734165387
1_20230114,2023-01-14,0.00438345371149438,NA,NA,"{""type"":""MultiPoint"",""coordinates"":[]}",1,14,-0.7724024156516168,-2.1525514212074626
1_20230115,2023-01-15,0.17535850248694548,NA,NA,"{""type"":""MultiPoint"",""coordinates"":[]}",1,15,-0.7335251420483727,-1.819074007967949
1_20230116,2023-01-16,6.81983610597915e-4,NA,NA,"{""type"":""MultiPoint"",""coordinates"":[]}",1,16,-0.7732440768581931,-1.8884176511034032
1_20230117,2023-01-17,0.03829921096423598,NA,NA,"{""type"":""MultiPoint"",""coordinates"":[]}",1,17,-0.7646904589443679,-2.068523083725674
1_20230118,2023-01-18,0.0491004583051584,NA,NA,"{""type"":""MultiPoint"",""coordinates"":[]}",1,18,-0.7622344102335361,-2.4446780507746255
1_20230119,2023-01-19,0.00740140778227095,NA,NA,"{""type"":""MultiPoint"",""coordinates"":[]}",1,19,-0.7717161761858472,-2.5795050251690887
1_20230120,2023-01-20,0.3186989853777752,NA,NA,"{""type"":""MultiPoint"",""coordinates"":[]}",1,20,-0.7009315723334913,-1.9096548120562296
1_20230121,2023-01-21,0.4795642418626402,NA,NA,"{""type"":""MultiPoint"",""coordinates"":[]}",1,21,-0.6643531204809536,-1.3454203260788355
1_20230122,2023-01-22,0.7878602826738732,NA,NA,"{""type"":""MultiPoint"",""coordinates"":[]}",1,22,-0.5942510230389078,-1.0482294217172188
1_20230123,2023-01-23,1.1073833942408764,NA,NA,"{""type"":""MultiPoint"",""coordinates"":[]}",0,0,-0.5215960507495601,-0.8353232509481308
1_20230124,2023-01-24,2.0065513762059166,NA,NA,"{""type"":""MultiPoint"",""coordinates"":[]}",0,0,-0.3171381494329621,-0.4903797616205924
1_20230125,2023-01-25,0.2852400410351922,NA,NA,"{""type"":""MultiPoint"",""coordinates"":[]}",1,1,-0.7085396563375539,-0.515216852598009
1_20230126,2023-01-26,0.31837715253419946,NA,NA,"{""type"":""MultiPoint"",""coordinates"":[]}",1,2,-0.7010047525057084,-0.6422679311551363
1_20230127,2023-01-27,0.2355448073367959,NA,NA,"{""type"":""MultiPoint"",""coordinates"":[]}",1,3,-0.7198396396456861,-1.2640522266738365
1_20230128,2023-01-28,1.2182148773992063,NA,NA,"{""type"":""MultiPoint"",""coordinates"":[]}",0,0,-0.49639456126053705,-0.8578738019834613
1_20230129,2023-01-29,0.46518651553500895,NA,NA,"{""type"":""MultiPoint"",""coordinates"":[]}",1,1,-0.6676224092118841,-0.9850098654877858
1_20230130,2023-01-30,0.29609636263221994,NA,NA,"{""type"":""MultiPoint"",""coordinates"":[]}",1,2,-0.7060710845308759,-0.9761552506782367
1_20230131,2023-01-31,0.1426355286523627,NA,NA,"{""type"":""MultiPoint"",""coordinates"":[]}",1,3,-0.7409658769157725,-1.5477478885726266
1_20230201,2023-02-01,0,NA,NA,"{""type"":""MultiPoint"",""coordinates"":[]}",1,4,-0.7733991501487816,-1.8369088075843911
1_20230202,2023-02-02,0,NA,NA,"{""type"":""MultiPoint"",""coordinates"":[]}",1,5,-0.7733991501487816,-2.0671147717100182
1_20230203,2023-02-03,1.8397005362151249,NA,NA,"{""type"":""MultiPoint"",""coordinates"":[]}",0,0,-0.3550776371167608,-0.961852606537881
1_20230204,2023-02-04,2.482455060885886,NA,NA,"{""type"":""MultiPoint"",""coordinates"":[]}",0,0,-0.20892447796096605,-0.39889490704282826
1_20230205,2023-02-05,1.771340813998049,NA,NA,"{""type"":""MultiPoint"",""coordinates"":[]}",0,0,-0.37062165738819475,-0.07041049982157922
1_20230206,2023-02-06,1.4735097889787314,NA,NA,"{""type"":""MultiPoint"",""coordinates"":[]}",0,0,-0.43834416035070395,-0.11773119465767858
1_20230207,2023-02-07,2.332182005040731,NA,NA,"{""type"":""MultiPoint"",""coordinates"":[]}",0,0,-0.24309441532393467,-0.11473669260754996
1_20230208,2023-02-08,1.4419755497373874,NA,NA,"{""type"":""MultiPoint"",""coordinates"":[]}",0,0,-0.44551459402296456,-0.2140529490315272
1_20230209,2023-02-09,0.02152664231787404,NA,NA,"{""type"":""MultiPoint"",""coordinates"":[]}",1,1,-0.7685043004666487,-0.3920221986099898
1_20230210,2023-02-10,9.077516475872586e-4,NA,NA,"{""type"":""MultiPoint"",""coordinates"":[]}",1,2,-0.7731927404450277,-1.1444619922756827
1_20230211,2023-02-11,2.6822220863505637e-4,NA,NA,"{""type"":""MultiPoint"",""coordinates"":[]}",1,3,-0.7733381602659521,-2.912491840891943
1_20230212,2023-02-12,0.14090899160438977,NA,NA,"{""type"":""MultiPoint"",""coordinates"":[]}",1,4,-0.74135846667481,-2.418036578755197
1_20230213,2023-02-13,0.0090406982792205,NA,NA,"{""type"":""MultiPoint"",""coordinates"":[]}",1,5,-0.7713434250410366,-2.3027790774613957
1_20230214,2023-02-14,0.3357069233510778,NA,NA,"{""type"":""MultiPoint"",""coordinates"":[]}",1,6,-0.6970642112024323,-1.5772266584198622
1_20230215,2023-02-15,0.7174477444775569,NA,NA,"{""type"":""MultiPoint"",""coordinates"":[]}",1,7,-0.6102618242181621,-1.268399901664686
1_20230216,2023-02-16,0.05439061011555922,NA,NA,"{""type"":""MultiPoint"",""coordinates"":[]}",1,8,-0.7610315055944753,-1.3065452442133092
1_20230217,2023-02-17,0.3448122492001683,NA,NA,"{""type"":""MultiPoint"",""coordinates"":[]}",1,9,-0.6949937907123251,-1.4324977072804852
1_20230218,2023-02-18,0.00210721442308617,NA,NA,"{""type"":""MultiPoint"",""coordinates"":[]}",1,10,-0.772919999815129,-1.7114264524663751
1_20230219,2023-02-19,2.7086737487125323e-4,NA,NA,"{""type"":""MultiPoint"",""coordinates"":[]}",1,11,-0.7733375587930926,-1.6686931559466658
1_20230220,2023-02-20,0,NA,NA,"{""type"":""MultiPoint"",""coordinates"":[]}",1,12,-0.7733991501487816,-3.1691160357973187
1_20230221,2023-02-21,9.724016185299891e-6,NA,NA,"{""type"":""MultiPoint"",""coordinates"":[]}",1,13,-0.7733969390469836,-3.6768446725458426
1_20230222,2023-02-22,0.00289415276313489,NA,NA,"{""type"":""MultiPoint"",""coordinates"":[]}",1,14,-0.7727410613245476,-3.474930320688895
1_20230223,2023-02-23,0.07356238755776431,NA,NA,"{""type"":""MultiPoint"",""coordinates"":[]}",1,15,-0.756672118406582,-2.4967103144479648
1_20230224,2023-02-24,2.0630351000900835,NA,NA,"{""type"":""MultiPoint"",""coordinates"":[]}",0,0,-0.30429456083156997,-1.0317399855729945
1_20230225,2023-02-25,3.0829179708527676,NA,NA,"{""type"":""MultiPoint"",""coordinates"":[]}",0,0,-0.07238782535242239,-0.32607363220185953
1_20230226,2023-02-26,1.3277949475058597,NA,NA,"{""type"":""MultiPoint"",""coordinates"":[]}",0,0,-0.47147762514903396,-0.07771857938952018
1_20230227,2023-02-27,1.199625697778324,NA,NA,"{""type"":""MultiPoint"",""coordinates"":[]}",0,0,-0.5006214740607202,-0.20134804942281434
1_20230228,2023-02-28,0.2275607704376039,NA,NA,"{""type"":""MultiPoint"",""coordinates"":[]}",1,1,-0.7216550951125007,-0.7333508421020414
1_20230301,2023-03-01,1.541160232810494,NA,NA,"{""type"":""MultiPoint"",""coordinates"":[]}",0,0,-0.422961419810109,-0.7226296873602905
1_20230302,2023-03-02,0.7049274907197032,NA,NA,"{""type"":""MultiPoint"",""coordinates"":[]}",1,1,-0.6131087503305529,-0.7312717798559274
1_20230303,2023-03-03,2.9680619668667956,NA,NA,"{""type"":""MultiPoint"",""coordinates"":[]}",0,0,-0.09850443314940208,-0.16609952643968598
1_20230304,2023-03-04,1.9746064634128488,NA,NA,"{""type"":""MultiPoint"",""coordinates"":[]}",0,0,-0.3244019643801299,-0.1610881322221438
1_20230305,2023-03-05,2.96119224626529,NA,NA,"{""type"":""MultiPoint"",""coordinates"":[]}",0,0,-0.1000665090740204,0.15645915042811276
1_20230306,2023-03-06,2.02331069821916,NA,NA,"{""type"":""MultiPoint"",""coordinates"":[]}",0,0,-0.31332732000504093,-0.05923195724885211
1_20230307,2023-03-07,6.339040558172188,NA,NA,"{""type"":""MultiPoint"",""coordinates"":[]}",0,0,0.6680077447589519,0.40437034729378696
1_20230308,2023-03-08,1.9531681722811496,NA,NA,"{""type"":""MultiPoint"",""coordinates"":[]}",0,0,-0.3292767242698475,0.250738012655884
1_20230309,2023-03-09,4.432829804985905,NA,NA,"{""type"":""MultiPoint"",""coordinates"":[]}",0,0,0.2345627624188755,0.5043829245576071
1_20230310,2023-03-10,2.4338430976584897,NA,NA,"{""type"":""MultiPoint"",""coordinates"":[]}",0,0,-0.21997814110256522,0.17737731369952905
1_20230311,2023-03-11,5.246331417114564,NA,NA,"{""type"":""MultiPoint"",""coordinates"":[]}",0,0,0.41954136004420933,0.4840355769660654
1_20230312,2023-03-12,5.733877555969891,NA,NA,"{""type"":""MultiPoint"",""coordinates"":[]}",0,0,0.5304023585948078,0.6676983153982411
1_20230313,2023-03-13,0.15204738007889973,NA,NA,"{""type"":""MultiPoint"",""coordinates"":[]}",1,1,-0.7388257569061965,0.5992114813860395
1_20230314,2023-03-14,0.7511056465741953,NA,NA,"{""type"":""MultiPoint"",""coordinates"":[]}",1,2,-0.6026085000747032,0.005923666818205577
1_20230315,2023-03-15,0.8011025198235269,NA,NA,"{""type"":""MultiPoint"",""coordinates"":[]}",1,3,-0.591239928259445,-0.8964941245320855
1_20230316,2023-03-16,0.1165093195842662,NA,NA,"{""type"":""MultiPoint"",""coordinates"":[]}",1,4,-0.7469066021001233,-0.9207050716676567
1_20230317,2023-03-17,0.6544131591070478,NA,NA,"{""type"":""MultiPoint"",""coordinates"":[]}",1,5,-0.624594984755141,-0.9237772058512932
1_20230318,2023-03-18,4.42070151215269,NA,NA,"{""type"":""MultiPoint"",""coordinates"":[]}",0,0,0.2318049625984091,-0.29913407331703645
1_20230319,2023-03-19,0.38848000957086326,NA,NA,"{""type"":""MultiPoint"",""coordinates"":[]}",1,1,-0.6850643683800522,-0.2566770103016465
1_20230320,2023-03-20,2.8662609740686764,NA,NA,"{""type"":""MultiPoint"",""coordinates"":[]}",0,0,-0.12165251866503914,-0.03682256507500469
1_20230321,2023-03-21,2.1384130540515387,NA,NA,"{""type"":""MultiPoint"",""coordinates"":[]}",0,0,-0.2871546953318913,-0.299401572567334
1_20230322,2023-03-22,10.049799573940886,NA,NA,"{""type"":""MultiPoint"",""coordinates"":[]}",0,0,1.5117811173357467,0.6828662740794045
1_20230323,2023-03-23,1.7972434743403471,NA,NA,"{""type"":""MultiPoint"",""coordinates"":[]}",0,0,-0.3647317639774785,0.6321784817923761
1_20230324,2023-03-24,4.503365078085333,NA,NA,"{""type"":""MultiPoint"",""coordinates"":[]}",0,0,0.25060147175457204,0.898741619130696
1_20230325,2023-03-25,0.5567741098080129,NA,NA,"{""type"":""MultiPoint"",""coordinates"":[]}",1,1,-0.64679670401854406,0.05070973970638505
1_20230326,2023-03-26,2.108218471083966,NA,NA,"{""type"":""MultiPoint"",""coordinates"":[]}",0,0,-0.29402051038369975,0.07276678296982303
1_20230327,2023-03-27,2.610799157713651,NA,NA,"{""type"":""MultiPoint"",""coordinates"":[]}",0,0,-0.1797408713267172,-0.15719978897371842
1_20230328,2023-03-28,1.927672632475856,NA,NA,"{""type"":""MultiPoint"",""coordinates"":[]}",0,0,-0.3350740443102388,-0.03952822142251389
1_20230329,2023-03-29,4.702291748970053,NA,NA,"{""type"":""MultiPoint"",""coordinates"":[]}",0,0,0.2958345432837679,0.2898478691079523
1_20230330,2023-03-30,4.04829490200759,NA,NA,"{""type"":""MultiPoint"",""coordinates"":[]}",0,0,0.1471250413001704,0.3323546153541316
1_20230331,2023-03-31,5.181161585133872,NA,NA,"{""type"":""MultiPoint"",""coordinates"":[]}",0,0,0.4047226750563296,0.6226883443434524
1_20230401,2023-04-01,3.3963952751797475,NA,NA,"{""type"":""MultiPoint"",""coordinates"":[]}",0,0,-0.0011075829076121796,0.4638069387507266
1_20230402,2023-04-02,2.2896194622265256,NA,NA,"{""type"":""MultiPoint"",""coordinates"":[]}",0,0,-0.2527725270372459,0.33958311962636223
1_20230403,2023-04-03,3.364635232325694,NA,NA,"{""type"":""MultiPoint"",""coordinates"":[]}",0,0,-0.008329361082446534,0.19981574867908714
1_20230404,2023-04-04,1.3409316416300994,NA,NA,"{""type"":""MultiPoint"",""coordinates"":[]}",0,0,-0.4684905293396277,-0.021376166382710005
1_20230405,2023-04-05,2.1619031213375575,NA,NA,"{""type"":""MultiPoint"",""coordinates"":[]}",0,0,-0.28181339097562497,-0.007922464436399919
1_20230406,2023-04-06,4.018978509003004,NA,NA,"{""type"":""MultiPoint"",""coordinates"":[]}",0,0,0.14045891404907432,0.1487666675542922
1_20230407,2023-04-07,5.701575518798548,NA,NA,"{""type"":""MultiPoint"",""coordinates"":[]}",0,0,0.5230573386866587,0.5548107211485546
1_20230408,2023-04-08,7.673110318365943,NA,NA,"{""type"":""MultiPoint"",""coordinates"":[]}",0,0,0.9713560721571989,0.9417564676549954
1_20230409,2023-04-09,4.795690531829482,NA,NA,"{""type"":""MultiPoint"",""coordinates"":[]}",0,0,0.31707208678173693,0.8666736469514883
1_20230410,2023-04-10,3.602265346145445,NA,NA,"{""type"":""MultiPoint"",""coordinates"":[]}",0,0,0.04570431820296595,0.8218652016537044
1_20230411,2023-04-11,1.7456423824466163,NA,NA,"{""type"":""MultiPoint"",""coordinates"":[]}",0,0,-0.37646511210135253,0.282498940139531
1_20230412,2023-04-12,2.933493944162747,NA,NA,"{""type"":""MultiPoint"",""coordinates"":[]}",0,0,-0.10636470566409786,0.10202856842349092
1_20230413,2023-04-13,3.4919829428281903,NA,NA,"{""type"":""MultiPoint"",""coordinates"":[]}",0,0,0.020627681593730966,0.021833294378323792
1_20230414,2023-04-14,5.165059237030342,NA,NA,"{""type"":""MultiPoint"",""coordinates"":[]}",0,0,0.40106123207175826,0.4058218317687196
1_20230415,2023-04-15,4.019421075886876,NA,NA,"{""type"":""MultiPoint"",""coordinates"":[]}",0,0,0.14055954741022997,0.5103472741515828
1_20230416,2023-04-16,4.36572427589772,NA,NA,"{""type"":""MultiPoint"",""coordinates"":[]}",0,0,0.21930392767464216,0.5989635044285325
1_20230417,2023-04-17,4.3574787545916696,NA,NA,"{""type"":""MultiPoint"",""coordinates"":[]}",0,0,0.21742901440447426,0.610347919136317
1_20230418,2023-04-18,4.9812026187815,NA,NA,"{""type"":""MultiPoint"",""coordinates"":[]}",0,0,0.35925487434516973,0.8637677952418519
1_20230419,2023-04-19,7.107636288491871,NA,NA,"{""type"":""MultiPoint"",""coordinates"":[]}",0,0,0.8427753889967223,0.9114317258886828
1_20230420,2023-04-20,0.8786847708240569,NA,NA,"{""type"":""MultiPoint"",""coordinates"":[]}",1,1,-0.5735988372318037,0.6293224338442461
1_20230421,2023-04-21,0.5589641572656345,NA,NA,"{""type"":""MultiPoint"",""coordinates"":[]}",1,2,-0.646298718641006,0.16000199974338986
1_20230422,2023-04-22,0.8922793981690531,NA,NA,"{""type"":""MultiPoint"",""coordinates"":[]}",1,3,-0.570507613976651,-0.7004121778358403
1_20230423,2023-04-23,7.178691044082149,NA,NA,"{""type"":""MultiPoint"",""coordinates"":[]}",0,0,0.858932221199314,0.13094915188709508
1_20230424,2023-04-24,5.19870440391553,NA,NA,"{""type"":""MultiPoint"",""coordinates"":[]}",0,0,0.40871166041080864,0.570011053859208
1_20230425,2023-04-25,2.3834253064201527,NA,NA,"{""type"":""MultiPoint"",""coordinates"":[]}",0,0,-0.23144242363082093,0.6387746312715166
1_20230426,2023-04-26,8.524356976418016,NA,NA,"{""type"":""MultiPoint"",""coordinates"":[]}",0,0,1.1649173518056788,0.767606944227608
1_20230427,2023-04-27,7.300354092394637,NA,NA,"{""type"":""MultiPoint"",""coordinates"":[]}",0,0,0.886596653235016,0.8861949713018884
1_20230428,2023-04-28,3.5795138895288487,NA,NA,"{""type"":""MultiPoint"",""coordinates"":[]}",0,0,0.04053096331819903,0.9989066338899032
1_20230429,2023-04-29,2.757557565328494,NA,NA,"{""type"":""MultiPoint"",""coordinates"":[]}",0,0,-0.1463701145567511,0.6863623265327659
1_20230430,2023-04-30,3.709560287150122,NA,NA,"{""type"":""MultiPoint"",""coordinates"":[]}",0,0,0.0701016487348681,0.4755157869131415
1_20230501,2023-05-01,1.7321537289178035,NA,NA,"{""type"":""MultiPoint"",""coordinates"":[]}",0,0,-0.3795322384308074,0.19331515088291729
1_20230502,2023-05-02,2.1560951037345517,NA,NA,"{""type"":""MultiPoint"",""coordinates"":[]}",0,0,-0.2831340508675901,0.13505746316118078
1_20230503,2023-05-03,0.6777558851264119,NA,NA,"{""type"":""MultiPoint"",""coordinates"":[]}",1,1,-0.6192871836894296,-0.3114399747598858
1_20230504,2023-05-04,3.668629777982704,NA,NA,"{""type"":""MultiPoint"",""coordinates"":[]}",0,0,0.06079463806273385,-0.0012329704423387133
1_20230505,2023-05-05,5.3869861252874,NA,NA,"{""type"":""MultiPoint"",""coordinates"":[]}",0,0,0.45152422311332024,0.24303241143290105
1_20230506,2023-05-06,8.93107131539165,NA,NA,"{""type"":""MultiPoint"",""coordinates"":[]}",0,0,1.2573983585250104,0.9143140142862652
1_20230507,2023-05-07,1.5719086547909675,NA,NA,"{""type"":""MultiPoint"",""coordinates"":[]}",0,0,-0.4159696697111056,0.724670815598452
1_20230508,2023-05-08,3.280500206704125,NA,NA,"{""type"":""MultiPoint"",""coordinates"":[]}",0,0,-0.02746045906506248,0.5912329397593699
1_20230509,2023-05-09,4.726699354191234,NA,NA,"{""type"":""MultiPoint"",""coordinates"":[]}",0,0,0.30138448260520684,0.2497604478762998
1_20230510,2023-05-10,4.7458115750425875,NA,NA,"{""type"":""MultiPoint"",""coordinates"":[]}",0,0,0.3057303274786279,0.5362660005279403
1_20230511,2023-05-11,1.9875357976917516,NA,NA,"{""type"":""MultiPoint"",""coordinates"":[]}",0,0,-0.32146201922515666,0.4950357607031514
1_20230512,2023-05-12,2.816916464155748,NA,NA,"{""type"":""MultiPoint"",""coordinates"":[]}",0,0,-0.13287275241518356,0.41601357858612925
1_20230513,2023-05-13,5.1860568116899595,NA,NA,"{""type"":""MultiPoint"",""coordinates"":[]}",0,0,0.4058357793574186,0.38029761637430975
1_20230514,2023-05-14,7.088364902443528,NA,NA,"{""type"":""MultiPoint"",""coordinates"":[]}",0,0,0.8383933522405923,0.786623895829208
1_20230515,2023-05-15,15.4383185885432,NA,NA,"{""type"":""MultiPoint"",""coordinates"":[]}",0,0,2.7370530476400967,1.3524596013428363
1_20230516,2023-05-16,0.07923806027878899,NA,NA,"{""type"":""MultiPoint"",""coordinates"":[]}",1,1,-0.7553815518424074,1.2056291130565442
1_20230517,2023-05-17,0.6340394631931685,NA,NA,"{""type"":""MultiPoint"",""coordinates"":[]}",1,2,-0.6292276709630183,0.7670544249750008
1_20230518,2023-05-18,16.411427674627742,NA,NA,"{""type"":""MultiPoint"",""coordinates"":[]}",0,0,2.9583240954126735,0.8561750157451437
1_20230519,2023-05-19,3.6083859951456274,NA,NA,"{""type"":""MultiPoint"",""coordinates"":[]}",0,0,0.047096065990223715,1.0491639550708498
1_20230520,2023-05-20,4.974951979723071,NA,NA,"{""type"":""MultiPoint"",""coordinates"":[]}",0,0,0.3578335686832608,1.3220244490116326
1_20230521,2023-05-21,3.4847813952134445,NA,NA,"{""type"":""MultiPoint"",""coordinates"":[]}",0,0,0.018990152966071577,0.46283218782720736
1_20230522,2023-05-22,3.1279825012272213,NA,NA,"{""type"":""MultiPoint"",""coordinates"":[]}",0,0,-0.06214079755674503,0.4397850129012864
1_20230523,2023-05-23,0.3937408629782659,NA,NA,"{""type"":""MultiPoint"",""coordinates"":[]}",1,1,-0.683868125777573,0.010256148919131033
1_20230524,2023-05-24,5.009407197539429,NA,NA,"{""type"":""MultiPoint"",""coordinates"":[]}",0,0,0.36566819098458375,0.2870767619677273
1_20230525,2023-05-25,3.665596001654995,NA,NA,"{""type"":""MultiPoint"",""coordinates"":[]}",0,0,0.06010480084269426,0.28718884150213597
1_20230526,2023-05-26,1.2004612604843556,NA,NA,"{""type"":""MultiPoint"",""coordinates"":[]}",0,0,-0.5004314790867885,0.36660551087794335
1_20230527,2023-05-27,8.31715071426581,NA,NA,"{""type"":""MultiPoint"",""coordinates"":[]}",0,0,1.1178016199857888,0.5439955547445371
1_20230528,2023-05-28,0.7817409981866293,NA,NA,"{""type"":""MultiPoint"",""coordinates"":[]}",1,1,-0.595642460555496,0.38644968946373154
1_20230529,2023-05-29,0.922887144557277,NA,NA,"{""type"":""MultiPoint"",""coordinates"":[]}",1,2,-0.5635478514894561,0.2708933601990836
1_20230530,2023-05-30,0.5285158711970838,NA,NA,"{""type"":""MultiPoint"",""coordinates"":[]}",1,3,-0.6532222221388265,-0.900047410019149
1_20230531,2023-05-31,0.8096352906029582,NA,NA,"{""type"":""MultiPoint"",""coordinates"":[]}",1,4,-0.5892996985793741,-0.9951823069044963
1_20230601,2023-06-01,13.104150093571374,NA,NA,"{""type"":""MultiPoint"",""coordinates"":[]}",0,0,2.2062966134993878,0.6431029568964977
1_20230602,2023-06-02,8.163379765386708,NA,NA,"{""type"":""MultiPoint"",""coordinates"":[]}",0,0,1.082836311921132,1.1069089911033714
1_20230603,2023-06-03,3.2691586098934327,NA,NA,"{""type"":""MultiPoint"",""coordinates"":[]}",0,0,-0.030039375494477015,1.2899884607122492
1_20230604,2023-06-04,6.49153787197509,NA,NA,"{""type"":""MultiPoint"",""coordinates"":[]}",0,0,0.7026834464764671,1.0117026401069347
1_20230605,2023-06-05,3.0878145298102764,NA,NA,"{""type"":""MultiPoint"",""coordinates"":[]}",0,0,-0.07127441808236219,0.7796048443125025
1_20230606,2023-06-06,10.55046274906409,NA,NA,"{""type"":""MultiPoint"",""coordinates"":[]}",0,0,1.6256247417811893,1.155122514650757
1_20230607,2023-06-07,1.6011145623717828,NA,NA,"{""type"":""MultiPoint"",""coordinates"":[]}",0,0,-0.4093286652605577,0.7970397882105505
1_20230608,2023-06-08,2.658824562171368,NA,NA,"{""type"":""MultiPoint"",""coordinates"":[]}",0,0,-0.16882058323566793,0.6568896504013345
1_20230609,2023-06-09,1.465795163865952,NA,NA,"{""type"":""MultiPoint"",""coordinates"":[]}",0,0,-0.44009835544176595,-0.09911630908350377
1_20230610,2023-06-10,16.384019564530533,NA,NA,"{""type"":""MultiPoint"",""coordinates"":[]}",0,0,2.952091884322057,1.0482183481071958
1_20230611,2023-06-11,9.346759844098369,NA,NA,"{""type"":""MultiPoint"",""coordinates"":[]}",0,0,1.351919967262703,1.447894745575307
1_20230612,2023-06-12,0.13107087251105437,NA,NA,"{""type"":""MultiPoint"",""coordinates"":[]}",1,1,-0.7435955138373771,1.353413437109405
1_20230613,2023-06-13,0.00298685240745448,NA,NA,"{""type"":""MultiPoint"",""coordinates"":[]}",1,2,-0.7727199827551251,0.2038563203007485
1_20230614,2023-06-14,0.920952840395769,NA,NA,"{""type"":""MultiPoint"",""coordinates"":[]}",1,3,-0.563987684509873,-1.2128911480586662
1_20230615,2023-06-15,5.6905809065971855,NA,NA,"{""type"":""MultiPoint"",""coordinates"":[]}",0,0,0.5205573215802134,-0.06815133363867801
1_20230616,2023-06-16,1.9111203749063337,NA,NA,"{""type"":""MultiPoint"",""coordinates"":[]}",0,0,-0.33883779025381694,0.19406130568994084
1_20230617,2023-06-17,0.02838672015027428,NA,NA,"{""type"":""MultiPoint"",""coordinates"":[]}",1,1,-0.7669444171694079,0.1641819977436827
1_20230618,2023-06-18,3.0360083462057186,NA,NA,"{""type"":""MultiPoint"",""coordinates"":[]}",0,0,-0.08305440111941619,-0.2308083742578265
1_20230619,2023-06-19,15.92941774631749,NA,NA,"{""type"":""MultiPoint"",""coordinates"":[]}",0,0,2.8487219517279025,1.042001165789675
1_20230620,2023-06-20,11.931972770254086,NA,NA,"{""type"":""MultiPoint"",""coordinates"":[]}",0,0,1.93976030404072,1.490742419016093
1_20230621,2023-06-21,23.014136487233376,NA,NA,"{""type"":""MultiPoint"",""coordinates"":[]}",0,0,4.459685369286905,2.3493031101984436
1_20230622,2023-06-22,7.443745403472503,NA,NA,"{""type"":""MultiPoint"",""coordinates"":[]}",0,0,0.9192017805505432,2.076747949663726
1_20230623,2023-06-23,4.287544867219989,NA,NA,"{""type"":""MultiPoint"",""coordinates"":[]}",0,0,0.20152705155691245,1.8061602073544267
1_20230624,2023-06-24,12.726364804845089,NA,NA,"{""type"":""MultiPoint"",""coordinates"":[]}",0,0,2.1203936578442515,1.275470064901761
1_20230625,2023-06-25,3.3685317090468914,NA,NA,"{""type"":""MultiPoint"",""coordinates"":[]}",0,0,-0.007443358167614149,1.0535089215663105
1_20230626,2023-06-26,0.25803179557135036,NA,NA,"{""type"":""MultiPoint"",""coordinates"":[]}",1,1,-0.7147264210774267,0.7696282639458638
1_20230627,2023-06-27,0.3140999663415021,NA,NA,"{""type"":""MultiPoint"",""coordinates"":[]}",1,2,-0.7019773232934138,-0.4667391524913043
1_20230628,2023-06-28,11.96229622280974,NA,NA,"{""type"":""MultiPoint"",""coordinates"":[]}",0,0,1.946655422188336,0.59216484039979
1_20230629,2023-06-29,4.561323680111377,NA,NA,"{""type"":""MultiPoint"",""coordinates"":[]}",0,0,0.2637804264895834,1.1459908026787635
1_20230630,2023-06-30,0.18258713903921792,NA,NA,"{""type"":""MultiPoint"",""coordinates"":[]}",1,1,-0.731881453784887,0.9296985984688516
1_20230701,2023-07-01,5.549443851912413,NA,NA,"{""type"":""MultiPoint"",""coordinates"":[]}",0,0,0.48846477983312914,0.4050449110033452
1_20230702,2023-07-02,21.25548164868875,NA,NA,"{""type"":""MultiPoint"",""coordinates"":[]}",0,0,4.059792485375148,1.3196200311489823
1_20230703,2023-07-03,3.869310654397289,NA,NA,"{""type"":""MultiPoint"",""coordinates"":[]}",0,0,0.10642659076686921,1.59330936744255
1_20230704,2023-07-04,9.992494065847657,NA,NA,"{""type"":""MultiPoint"",""coordinates"":[]}",0,0,1.498750666792993,1.7814289969209212
1_20230705,2023-07-05,3.3727185077824355,NA,NA,"{""type"":""MultiPoint"",""coordinates"":[]}",0,0,-0.006491340191135945,0.8636846203996841
1_20230706,2023-07-06,0.2262376275665746,NA,NA,"{""type"":""MultiPoint"",""coordinates"":[]}",1,1,-0.7219559588220398,0.5451722441877194
1_20230707,2023-07-07,4.6973345345256945,NA,NA,"{""type"":""MultiPoint"",""coordinates"":[]}",0,0,0.2947073438260483,0.07677935901019176
1_20230708,2023-07-08,21.967808150325553,NA,NA,"{""type"":""MultiPoint"",""coordinates"":[]}",0,0,4.2217653141435525,1.3498850035102659
1_20230709,2023-07-09,5.3467061364950155,NA,NA,"{""type"":""MultiPoint"",""coordinates"":[]}",0,0,0.44236513144331985,1.6528158290401795
1_20230710,2023-07-10,8.382655174782775,NA,NA,"{""type"":""MultiPoint"",""coordinates"":[]}",0,0,1.1326963947028617,1.9958448104999522
1_20230711,2023-07-11,0.03990250028253409,NA,NA,"{""type"":""MultiPoint"",""coordinates"":[]}",1,1,-0.764325893951177,0.870006160993356
1_20230712,2023-07-12,22.598757952537305,NA,NA,"{""type"":""MultiPoint"",""coordinates"":[]}",0,0,4.36523424874064,1.743547930895441
1_20230713,2023-07-13,0.21986741236078405,NA,NA,"{""type"":""MultiPoint"",""coordinates"":[]}",1,1,-0.7234044543846426,1.2639606627961495
1_20230714,2023-07-14,0.10104006412819308,NA,NA,"{""type"":""MultiPoint"",""coordinates"":[]}",1,2,-0.7504240888978261,1.1244358592614019
1_20230715,2023-07-15,13.734832467005342,NA,NA,"{""type"":""MultiPoint"",""coordinates"":[]}",0,0,2.34970473862844,0.6836310053426661
1_20230716,2023-07-16,10.158571832166922,NA,NA,"{""type"":""MultiPoint"",""coordinates"":[]}",0,0,1.5365143686129559,1.2468991829971041
1_20230717,2023-07-17,12.805395610947226,NA,NA,"{""type"":""MultiPoint"",""coordinates"":[]}",0,0,2.1383641295237363,1.8910004356153256
1_20230718,2023-07-18,5.438235666764449,NA,NA,"{""type"":""MultiPoint"",""coordinates"":[]}",0,0,0.46317763371512555,1.4880158717983694
1_20230719,2023-07-19,12.906582507814646,NA,NA,"{""type"":""MultiPoint"",""coordinates"":[]}",0,0,2.161372578433404,1.6361429601730824
1_20230720,2023-07-20,0.25091287756422803,NA,NA,"{""type"":""MultiPoint"",""coordinates"":[]}",1,1,-0.7163451609175623,0.9095750384780976
1_20230721,2023-07-21,1.584654490037575,NA,NA,"{""type"":""MultiPoint"",""coordinates"":[]}",0,0,-0.4130714496039424,0.6883523590201853
1_20230722,2023-07-22,3.874395166092304,NA,NA,"{""type"":""MultiPoint"",""coordinates"":[]}",0,0,0.10758273579341993,-0.17021133927827373
1_20230723,2023-07-23,1.2517281918693857,NA,NA,"{""type"":""MultiPoint"",""coordinates"":[]}",0,0,-0.4887741142693513,0.028209367691642423
1_20230724,2023-07-24,1.910454059544056,NA,NA,"{""type"":""MultiPoint"",""coordinates"":[]}",0,0,-0.33898930080948486,0.05651619838451492
1_20230725,2023-07-25,1.612805470092855,NA,NA,"{""type"":""MultiPoint"",""coordinates"":[]}",0,0,-0.4066703205406838,-0.23177683928291481
1_20230726,2023-07-26,0.01309361819607999,NA,NA,"{""type"":""MultiPoint"",""coordinates"":[]}",1,1,-0.770421849187552,-0.48095748251993803
1_20230727,2023-07-27,1.85336825093044,NA,NA,"{""type"":""MultiPoint"",""coordinates"":[]}",0,0,-0.35196979484197216,-0.44990246021672226
1_20230728,2023-07-28,11.376770599021487,NA,NA,"{""type"":""MultiPoint"",""coordinates"":[]}",0,0,1.8135152941944406,0.5508155639740133
1_20230729,2023-07-29,3.3676095231908407,NA,NA,"{""type"":""MultiPoint"",""coordinates"":[]}",0,0,-0.007653050003326438,0.8197039267018984
1_20230730,2023-07-30,5.414988969034467,NA,NA,"{""type"":""MultiPoint"",""coordinates"":[]}",0,0,0.45789166810497756,1.0178672938521416
1_20230731,2023-07-31,11.14376639720136,NA,NA,"{""type"":""MultiPoint"",""coordinates"":[]}",0,0,1.7605334809430602,1.0249558118016606
1_20230801,2023-08-01,14.104573896314076,NA,NA,"{""type"":""MultiPoint"",""coordinates"":[]}",0,0,2.433778636034189,1.5220134352018089
1_20230802,2023-08-02,8.280963567405657,NA,NA,"{""type"":""MultiPoint"",""coordinates"":[]}",0,0,1.1095731818629215,1.7199434239681468
1_20230803,2023-08-03,0,NA,NA,"{""type"":""MultiPoint"",""coordinates"":[]}",1,1,-0.7733991501487816,1.3012957924024195
1_20230804,2023-08-04,0.24109953699718847,NA,NA,"{""type"":""MultiPoint"",""coordinates"":[]}",1,2,-0.7185765737986761,0.2858845751127843
1_20230805,2023-08-05,3.5445284241009976,NA,NA,"{""type"":""MultiPoint"",""coordinates"":[]}",0,0,0.03257577031596315,-0.43784206764124606
1_20230806,2023-08-06,2.1746930969671734,NA,NA,"{""type"":""MultiPoint"",""coordinates"":[]}",0,0,-0.278905133978521,-0.06298786077283623
1_20230807,2023-08-07,3.193098649110173,NA,NA,"{""type"":""MultiPoint"",""coordinates"":[]}",0,0,-0.04733431956263959,0.19493734334913657
1_20230808,2023-08-08,5.465473793323688,NA,NA,"{""type"":""MultiPoint"",""coordinates"":[]}",0,0,0.46937119298747343,0.43265570399168213
1_20230809,2023-08-09,11.36337515050795,NA,NA,"{""type"":""MultiPoint"",""coordinates"":[]}",0,0,1.8104693613485148,1.0188278072839814
1_20230810,2023-08-10,0.5448865626381485,NA,NA,"{""type"":""MultiPoint"",""coordinates"":[]}",1,1,-0.6494997617284515,0.8731603352189152
1_20230811,2023-08-11,0.23332947212639196,NA,NA,"{""type"":""MultiPoint"",""coordinates"":[]}",1,2,-0.7203433750954762,0.4214454073310965
1_20230812,2023-08-12,1.1141317193619067,NA,NA,"{""type"":""MultiPoint"",""coordinates"":[]}",0,0,-0.5200615784158893,-1.0472390044638535
1_20230813,2023-08-13,3.006947784931993,NA,NA,"{""type"":""MultiPoint"",""coordinates"":[]}",0,0,-0.08966235590459819,-0.37250383170455187
1_20230814,2023-08-14,3.202601041304014,NA,NA,"{""type"":""MultiPoint"",""coordinates"":[]}",0,0,-0.045173611881307286,0.017584179720195815
1_20230815,2023-08-15,0.08880925596660426,NA,NA,"{""type"":""MultiPoint"",""coordinates"":[]}",1,1,-0.7532051992334715,-0.08511092294483669
1_20230816,2023-08-16,0.5813318702795527,NA,NA,"{""type"":""MultiPoint"",""coordinates"":[]}",1,2,-0.64121262154702,-0.4969652423609573
1_20230817,2023-08-17,35.18244888800905,NA,NA,"{""type"":""MultiPoint"",""coordinates"":[]}",0,0,7.226585065370677,1.96384806319732
1_20230818,2023-08-18,7.6605372913049345,NA,NA,"{""type"":""MultiPoint"",""coordinates"":[]}",0,0,0.968497146152658,2.1689650599603305
1_20230819,2023-08-19,3.80522835594874,NA,NA,"{""type"":""MultiPoint"",""coordinates"":[]}",0,0,0.09185519530447649,2.071869541224316
1_20230820,2023-08-20,2.396792239254792,NA,NA,"{""type"":""MultiPoint"",""coordinates"":[]}",0,0,-0.22840297484124367,0.6697207299422057
1_20230821,2023-08-21,1.922500472015529,NA,NA,"{""type"":""MultiPoint"",""coordinates"":[]}",0,0,-0.3362501194087761,0.07632336976605708
1_20230822,2023-08-22,1.4395032542904749,NA,NA,"{""type"":""MultiPoint"",""coordinates"":[]}",0,0,-0.4460767585446656,-0.21371866974250503
1_20230823,2023-08-23,9.065895393063135,NA,NA,"{""type"":""MultiPoint"",""coordinates"":[]}",0,0,1.2880554198534349,0.4466230808348618
1_20230824,2023-08-24,0.6092231780423608,NA,NA,"{""type"":""MultiPoint"",""coordinates"":[]}",1,1,-0.6348705382382963,0.36256436735656006
1_20230825,2023-08-25,0.06068939086427542,NA,NA,"{""type"":""MultiPoint"",""coordinates"":[]}",1,2,-0.7595992532027458,0.26420916167641134
1_20230826,2023-08-26,7.6421867725932495,NA,NA,"{""type"":""MultiPoint"",""coordinates"":[]}",0,0,0.9643245014198433,0.12797010731879793
1_20230827,2023-08-27,2.74038706335453,NA,NA,"{""type"":""MultiPoint"",""coordinates"":[]}",0,0,-0.1502744404097213,0.3974059962887687
1_20230828,2023-08-28,7.096861047024657,NA,NA,"{""type"":""MultiPoint"",""coordinates"":[]}",0,0,0.8403252536485402,1.1995862106275
1_20230829,2023-08-29,0.7448729691864387,NA,NA,"{""type"":""MultiPoint"",""coordinates"":[]}",1,1,-0.6040257215103456,0.43706300560161016
1_20230830,2023-08-30,7.786380112862397,NA,NA,"{""type"":""MultiPoint"",""coordinates"":[]}",0,0,0.9971119986690572,0.8240807242545434
1_20230831,2023-08-31,0.619356082680167,NA,NA,"{""type"":""MultiPoint"",""coordinates"":[]}",1,1,-0.6325664610713587,0.2170940505867815
1_20230901,2023-09-01,7.819805338148902,NA,NA,"{""type"":""MultiPoint"",""coordinates"":[]}",0,0,1.0047124154434381,0.8319878822929215
1_20230902,2023-09-02,14.499878147658189,NA,NA,"{""type"":""MultiPoint"",""coordinates"":[]}",0,0,2.523665152494346,1.1887709051305664
1_20230903,2023-09-03,3.7324053274620512,NA,NA,"{""type"":""MultiPoint"",""coordinates"":[]}",0,0,0.07529628320957708,1.3884595226027643
1_20230904,2023-09-04,4.278169557586564,NA,NA,"{""type"":""MultiPoint"",""coordinates"":[]}",0,0,0.19939524062692995,1.162621786758786
1_20230905,2023-09-05,9.03561451324191,NA,NA,"{""type"":""MultiPoint"",""coordinates"":[]}",0,0,1.2811699821349591,0.8342619773160495
1_20230906,2023-09-06,3.7431674306950384,NA,NA,"{""type"":""MultiPoint"",""coordinates"":[]}",0,0,0.0777434311117526,0.8148178030512716
1_20230907,2023-09-07,0.8415915155060464,NA,NA,"{""type"":""MultiPoint"",""coordinates"":[]}",1,1,-0.5820333114206501,0.6043649800133869
1_20230908,2023-09-08,7.288114536000332,NA,NA,"{""type"":""MultiPoint"",""coordinates"":[]}",0,0,0.8838135536767368,0.5330382313036702
1_20230909,2023-09-09,14.15167641200999,NA,NA,"{""type"":""MultiPoint"",""coordinates"":[]}",0,0,2.444489072458841,1.5663215050095847
1_20230910,2023-09-10,0.01096300353092149,NA,NA,"{""type"":""MultiPoint"",""coordinates"":[]}",1,1,-0.7709063204005957,1.2356132436349567
1_20230911,2023-09-11,0.01883216906063193,NA,NA,"{""type"":""MultiPoint"",""coordinates"":[]}",1,2,-0.7691169850354714,0.7211173142300257
1_20230912,2023-09-12,27.397409342778335,NA,NA,"{""type"":""MultiPoint"",""coordinates"":[]}",0,0,5.456378742403007,1.339594018877322
1_20230913,2023-09-13,2.5699890657774507,NA,NA,"{""type"":""MultiPoint"",""coordinates"":[]}",0,0,-0.189020500847753,1.5628883901666495
1_20230914,2023-09-14,0.2318973584615602,NA,NA,"{""type"":""MultiPoint"",""coordinates"":[]}",1,1,-0.7206690172004346,1.5601812667393782
1_20230915,2023-09-15,9.234953390153402,NA,NA,"{""type"":""MultiPoint"",""coordinates"":[]}",0,0,1.3264967834019061,0.46712047200708984
1_20230916,2023-09-16,6.823187502043992,NA,NA,"{""type"":""MultiPoint"",""coordinates"":[]}",0,0,0.7780958151287911,0.7541524668462734
1_20230917,2023-09-17,18.19554746977766,NA,NA,"{""type"":""MultiPoint"",""coordinates"":[]}",0,0,3.3640073451838313,1.7801876900174234
1_20230918,2023-09-18,0.5935351463342377,NA,NA,"{""type"":""MultiPoint"",""coordinates"":[]}",1,1,-0.6384377716175603,1.2881585648667695
1_20230919,2023-09-19,6.556890776381179,NA,NA,"{""type"":""MultiPoint"",""coordinates"":[]}",0,0,0.7175437595078678,1.3322968536178155
1_20230920,2023-09-20,3.675392079962037,NA,NA,"{""type"":""MultiPoint"",""coordinates"":[]}",0,0,0.062332288533496746,0.43484856888567325
1_20230921,2023-09-21,5.062378684983016,NA,NA,"{""type"":""MultiPoint"",""coordinates"":[]}",0,0,0.3777131473993635,1.011609312328306
1_20230922,2023-09-22,21.139690473109905,NA,NA,"{""type"":""MultiPoint"",""coordinates"":[]}",0,0,4.033463232972172,1.688414462079679
1_20230923,2023-09-23,1.3195376755753587,NA,NA,"{""type"":""MultiPoint"",""coordinates"":[]}",0,0,-0.4733552103426495,1.5026654828450674
1_20230924,2023-09-24,1.7424855314361232,NA,NA,"{""type"":""MultiPoint"",""coordinates"":[]}",0,0,-0.377182934738858,1.1881267756123517
1_20230925,2023-09-25,2.847920377258639,NA,NA,"{""type"":""MultiPoint"",""coordinates"":[]}",0,0,-0.1258229072997403,-0.07509566042914781
1_20230926,2023-09-26,0.22126765400246515,NA,NA,"{""type"":""MultiPoint"",""coordinates"":[]}",1,1,-0.7230860595205723,-0.3581087232219569
1_20230927,2023-09-27,3.533842735279879,NA,NA,"{""type"":""MultiPoint"",""coordinates"":[]}",0,0,0.030145997954948354,-0.09887656234410629
1_20230928,2023-09-28,2.8704470468089447,NA,NA,"{""type"":""MultiPoint"",""coordinates"":[]}",0,0,-0.1207006657694729,-0.17034137207699615
1_20230929,2023-09-29,12.613160092629808,NA,NA,"{""type"":""MultiPoint"",""coordinates"":[]}",0,0,2.0946525301095837,0.9667923011941287
1_20230930,2023-09-30,1.5961934621560665,NA,NA,"{""type"":""MultiPoint"",""coordinates"":[]}",0,0,-0.41044765286071133,0.8162641302730229
1_20231001,2023-10-01,4.7358472781887695,NA,NA,"{""type"":""MultiPoint"",""coordinates"":[]}",0,0,0.30346458930323716,0.9706099114467135
1_20231002,2023-10-02,4.202302363713707,NA,NA,"{""type"":""MultiPoint"",""coordinates"":[]}",0,0,0.18214412898911933,0.40640212146364385
1_20231003,2023-10-03,8.419686495711098,NA,NA,"{""type"":""MultiPoint"",""coordinates"":[]}",0,0,1.1411167858998879,1.1895265621556865
1_20231004,2023-10-04,4.7047087660621685,NA,NA,"{""type"":""MultiPoint"",""coordinates"":[]}",0,0,0.2963841383005081,0.9725912216405452
1_20231005,2023-10-05,10.680520072484269,NA,NA,"{""type"":""MultiPoint"",""coordinates"":[]}",0,0,1.6551979115678084,1.3146805096356124
1_20231006,2023-10-06,5.194500445451617,NA,NA,"{""type"":""MultiPoint"",""coordinates"":[]}",0,0,0.4077557405582407,1.002161159858621
1_20231007,2023-10-07,8.773239060699114,NA,NA,"{""type"":""MultiPoint"",""coordinates"":[]}",0,0,1.2215095677742767,1.3109137805463442
1_20231008,2023-10-08,11.277872875310754,NA,NA,"{""type"":""MultiPoint"",""coordinates"":[]}",0,0,1.7910273704244064,1.3137830689932255
1_20231009,2023-10-09,3.7636177888707714,NA,NA,"{""type"":""MultiPoint"",""coordinates"":[]}",0,0,0.08239354921832198,1.267429246908376
1_20231010,2023-10-10,10.38017874962828,NA,NA,"{""type"":""MultiPoint"",""coordinates"":[]}",0,0,1.5869046028852782,1.3292693158617415
1_20231011,2023-10-11,2.581824074141599,NA,NA,"{""type"":""MultiPoint"",""coordinates"":[]}",0,0,-0.18632938970864185,0.8117954513766955
1_20231012,2023-10-12,12.332486967882785,NA,NA,"{""type"":""MultiPoint"",""coordinates"":[]}",0,0,2.0308314875538453,1.2725288500782217
1_20231013,2023-10-13,5.800023740132362,NA,NA,"{""type"":""MultiPoint"",""coordinates"":[]}",0,0,0.5454430520639018,1.0774085465219265
1_20231014,2023-10-14,7.784685164592406,NA,NA,"{""type"":""MultiPoint"",""coordinates"":[]}",0,0,0.9967265917450192,1.505878901337404
1_20231015,2023-10-15,3.8592037973376305,NA,NA,"{""type"":""MultiPoint"",""coordinates"":[]}",0,0,0.10412843644557251,1.1966520796362032
1_20231016,2023-10-16,4.00746423167836,NA,NA,"{""type"":""MultiPoint"",""coordinates"":[]}",0,0,0.13784073254773882,0.854384269038888
1_20231017,2023-10-17,12.376701342921512,NA,NA,"{""type"":""MultiPoint"",""coordinates"":[]}",0,0,2.040885202220917,1.1166299734714653
1_20231018,2023-10-18,1.587941581311222,NA,NA,"{""type"":""MultiPoint"",""coordinates"":[]}",0,0,-0.41232401219877896,0.8550252331623679
1_20231019,2023-10-19,6.439348888190962,NA,NA,"{""type"":""MultiPoint"",""coordinates"":[]}",0,0,0.6908164201695145,1.0852469971759071
1_20231020,2023-10-20,3.502319816107278,NA,NA,"{""type"":""MultiPoint"",""coordinates"":[]}",0,0,0.022978138303943418,0.4083963872346352
1_20231021,2023-10-21,2.6773012299013628,NA,NA,"{""type"":""MultiPoint"",""coordinates"":[]}",0,0,-0.1646192540255875,0.5165294224203785
1_20231022,2023-10-22,4.988062549481667,NA,NA,"{""type"":""MultiPoint"",""coordinates"":[]}",0,0,0.3608147241866511,0.33272191137256246
1_20231023,2023-10-23,4.781739602663622,NA,NA,"{""type"":""MultiPoint"",""coordinates"":[]}",0,0,0.3138998456033592,0.48079308183014857
1_20231024,2023-10-24,3.132837558536751,NA,NA,"{""type"":""MultiPoint"",""coordinates"":[]}",0,0,-0.061036827166130264,0.5276276674293487
1_20231025,2023-10-25,1.0108222609296598,NA,NA,"{""type"":""MultiPoint"",""coordinates"":[]}",0,0,-0.5435526673791001,0.19199485313625728
1_20231026,2023-10-26,2.092837949975479,NA,NA,"{""type"":""MultiPoint"",""coordinates"":[]}",0,0,-0.2975178202635784,-0.09378933766451408
1_20231027,2023-10-27,0.4786111286810082,NA,NA,"{""type"":""MultiPoint"",""coordinates"":[]}",1,1,-0.6645698447468774,-0.5648438757176564
1_20231028,2023-10-28,0.46561949869929936,NA,NA,"{""type"":""MultiPoint"",""coordinates"":[]}",1,2,-0.6675239550510912,-0.593818840800103
1_20231029,2023-10-29,2.89838034911969,NA,NA,"{""type"":""MultiPoint"",""coordinates"":[]}",0,0,-0.1143490335029237,-0.38713252579403895
1_20231030,2023-10-30,14.411052222929024,NA,NA,"{""type"":""MultiPoint"",""coordinates"":[]}",0,0,2.5034674113415285,0.8433662505601317
1_20231031,2023-10-31,3.5691768109045223,NA,NA,"{""type"":""MultiPoint"",""coordinates"":[]}",0,0,0.03818045991542482,1.1118583473646122
1_20231101,2023-11-01,0.463802853165084,NA,NA,"{""type"":""MultiPoint"",""coordinates"":[]}",1,1,-0.6679370341873724,0.9203014527675735
1_20231102,2023-11-02,0.6885493928130088,NA,NA,"{""type"":""MultiPoint"",""coordinates"":[]}",1,2,-0.6168328948649728,-0.3724987514200187
1_20231103,2023-11-03,0.684191873114906,NA,NA,"{""type"":""MultiPoint"",""coordinates"":[]}",1,3,-0.6178237323394933,-1.1303506148749212
1_20231104,2023-11-04,0.5534428025102714,NA,NA,"{""type"":""MultiPoint"",""coordinates"":[]}",1,4,-0.6475541955133461,-1.0361331816717703
1_20231105,2023-11-05,1.447279586155675,NA,NA,"{""type"":""MultiPoint"",""coordinates"":[]}",0,0,-0.4443085322232328,-0.6915050015428048
1_20231106,2023-11-06,5.001541786614989,NA,NA,"{""type"":""MultiPoint"",""coordinates"":[]}",0,0,0.3638797093628414,-0.020523454761036532
1_20231107,2023-11-07,4.636034775978948,NA,NA,"{""type"":""MultiPoint"",""coordinates"":[]}",0,0,0.2807686580242119,0.4597056885904475
1_20231108,2023-11-08,4.1203453358528614,NA,NA,"{""type"":""MultiPoint"",""coordinates"":[]}",0,0,0.1635082764558094,0.8689166038790811
1_20231109,2023-11-09,3.9540312303630825,NA,NA,"{""type"":""MultiPoint"",""coordinates"":[]}",0,0,0.12569083449855165,0.6254159870865555
1_20231110,2023-11-10,1.3434968099095383,NA,NA,"{""type"":""MultiPoint"",""coordinates"":[]}",0,0,-0.46790724686799007,0.32324121394372896
1_20231111,2023-11-11,1.7989583571529584,NA,NA,"{""type"":""MultiPoint"",""coordinates"":[]}",0,0,-0.3643418242243924,0.011011419366941038
1_20231112,2023-11-12,2.2529189600497808,NA,NA,"{""type"":""MultiPoint"",""coordinates"":[]}",0,0,-0.2611176947954704,-0.14360073644463947
1_20231113,2023-11-13,0.7080318153474553,NA,NA,"{""type"":""MultiPoint"",""coordinates"":[]}",1,1,-0.6124028714390375,-0.3663996784185794
1_20231114,2023-11-14,0.17705742797372506,NA,NA,"{""type"":""MultiPoint"",""coordinates"":[]}",1,2,-0.7331388307622868,-0.6729536916024653
1_20231115,2023-11-15,1.278272636246273,NA,NA,"{""type"":""MultiPoint"",""coordinates"":[]}",0,0,-0.4827382883750029,-1.0244373899393318
1_20231116,2023-11-16,1.1607107450035146,NA,NA,"{""type"":""MultiPoint"",""coordinates"":[]}",0,0,-0.5094701761205779,-0.8368395515171546
1_20231117,2023-11-17,0.4249587277063268,NA,NA,"{""type"":""MultiPoint"",""coordinates"":[]}",1,1,-0.6767696311315159,-0.6511657975196098
1_20231118,2023-11-18,1.818412489890339,NA,NA,"{""type"":""MultiPoint"",""coordinates"":[]}",0,0,-0.3599182334925173,-0.5694044195590486
1_20231119,2023-11-19,0.3239114687137788,NA,NA,"{""type"":""MultiPoint"",""coordinates"":[]}",1,1,-0.6997463283914217,-0.7822789225740489
1_20231120,2023-11-20,0.02097484844444239,NA,NA,"{""type"":""MultiPoint"",""coordinates"":[]}",1,2,-0.7686297704784641,-0.971060848026547
1_20231121,2023-11-21,0.02750020716158881,NA,NA,"{""type"":""MultiPoint"",""coordinates"":[]}",1,3,-0.7671459975067776,-1.7449834691504376
1_20231122,2023-11-22,0.4436419277067566,NA,NA,"{""type"":""MultiPoint"",""coordinates"":[]}",1,4,-0.6725213394456643,-1.5180634814547684
1_20231123,2023-11-23,0.07746282775361837,NA,NA,"{""type"":""MultiPoint"",""coordinates"":[]}",1,5,-0.7557852142544653,-1.4548697618251747
1_20231124,2023-11-24,3.438235119583689,NA,NA,"{""type"":""MultiPoint"",""coordinates"":[]}",0,0,0.008406197553684833,-0.3634631422655735
1_20231125,2023-11-25,6.647666147458675,NA,NA,"{""type"":""MultiPoint"",""coordinates"":[]}",0,0,0.7381847767971842,0.2843731327248837
1_20231126,2023-11-26,8.93027085708396,NA,NA,"{""type"":""MultiPoint"",""coordinates"":[]}",0,0,1.2572163457877195,0.9814664815603645
1_20231127,2023-11-27,0.6613349302392074,NA,NA,"{""type"":""MultiPoint"",""coordinates"":[]}",1,1,-0.6230210732864715,0.750437590181673
1_20231128,2023-11-28,3.0262457424007,NA,NA,"{""type"":""MultiPoint"",""coordinates"":[]}",0,0,-0.0852742771886212,0.49532608547381696
1_20231129,2023-11-29,0.9752351506605984,NA,NA,"{""type"":""MultiPoint"",""coordinates"":[]}",1,1,-0.5516446657881555,-0.32396465153691584
1_20231130,2023-11-30,1.340959069921582,NA,NA,"{""type"":""MultiPoint"",""coordinates"":[]}",0,0,-0.46848429253957946,-0.2397055191966807
1_20231201,2023-12-01,1.7237765887513268,NA,NA,"{""type"":""MultiPoint"",""coordinates"":[]}",0,0,-0.38143707994187825,-0.45166678291820334
1_20231202,2023-12-02,1.445733044074629,NA,NA,"{""type"":""MultiPoint"",""coordinates"":[]}",0,0,-0.44466019370866233,-0.35982333946115425
1_20231203,2023-12-03,0.01442648801411763,NA,NA,"{""type"":""MultiPoint"",""coordinates"":[]}",1,1,-0.770118773709788,-0.5611470501968451
1_20231204,2023-12-04,0.01243031113664711,NA,NA,"{""type"":""MultiPoint"",""coordinates"":[]}",1,2,-0.7705726756983045,-0.9780266761160803
1_20231205,2023-12-05,0.2641114318354403,NA,NA,"{""type"":""MultiPoint"",""coordinates"":[]}",1,3,-0.7133439989980643,-1.7155127017914564
1_20231206,2023-12-06,0.0980751424716949,NA,NA,"{""type"":""MultiPoint"",""coordinates"":[]}",1,4,-0.7510982695532926,-1.6014034075621322
1_20231207,2023-12-07,1.8839804925879609,NA,NA,"{""type"":""MultiPoint"",""coordinates"":[]}",0,0,-0.34500901019502,-0.8875351130545008
1_20231208,2023-12-08,1.0226903003532666,NA,NA,"{""type"":""MultiPoint"",""coordinates"":[]}",0,0,-0.54085404545087,-0.7030068445606226
1_20231209,2023-12-09,0.01118698447582486,NA,NA,"{""type"":""MultiPoint"",""coordinates"":[]}",1,1,-0.7708553903465365,-0.8200141779165405
1_20231210,2023-12-10,6.488470645198202e-4,NA,NA,"{""type"":""MultiPoint"",""coordinates"":[]}",1,2,-0.7732516116334562,-1.4010599912719193
1_20231211,2023-12-11,0.00637522724899274,NA,NA,"{""type"":""MultiPoint"",""coordinates"":[]}",1,3,-0.7719495149194479,-2.740510277550453
1_20231212,2023-12-12,0.07359843172415616,NA,NA,"{""type"":""MultiPoint"",""coordinates"":[]}",1,4,-0.7566639224801668,-2.3712735290063676
1_20231213,2023-12-13,0.035395773651377437,NA,NA,"{""type"":""MultiPoint"",""coordinates"":[]}",1,5,-0.7653506589420302,-2.365437192483213
1_20231214,2023-12-14,0,NA,NA,"{""type"":""MultiPoint"",""coordinates"":[]}",1,6,-0.7733991501487816,-2.6593942463285027
1_20231215,2023-12-15,0.00426616318607566,NA,NA,"{""type"":""MultiPoint"",""coordinates"":[]}",1,7,-0.7724290858346665,-2.6032664066101225
1_20231216,2023-12-16,0.09309543086810897,NA,NA,"{""type"":""MultiPoint"",""coordinates"":[]}",1,8,-0.7522305845423184,-2.1563590562424237
1_20231217,2023-12-17,0.08419911611502072,NA,NA,"{""type"":""MultiPoint"",""coordinates"":[]}",1,9,-0.7542534789072771,-1.8939368803579593
1_20231218,2023-12-18,0.03974194812886742,NA,NA,"{""type"":""MultiPoint"",""coordinates"":[]}",1,10,-0.76436240120794,-1.8186796063374953
1_20231219,2023-12-19,0.03013836243066218,NA,NA,"{""type"":""MultiPoint"",""coordinates"":[]}",1,11,-0.7665461188406318,-2.2008033985057986
1_20231220,2023-12-20,2.5779883738280074e-4,NA,NA,"{""type"":""MultiPoint"",""coordinates"":[]}",1,12,-0.7733405303910607,-2.528081892784657
1_20231221,2023-12-21,0.0821348294810915,NA,NA,"{""type"":""MultiPoint"",""coordinates"":[]}",1,13,-0.7547228680774373,-2.5120701680650797
1_20231222,2023-12-22,5.704747087610188e-4,NA,NA,"{""type"":""MultiPoint"",""coordinates"":[]}",1,14,-0.7732694323829726,-2.5332179866774767
1_20231223,2023-12-23,0.00526769584036682,NA,NA,"{""type"":""MultiPoint"",""coordinates"":[]}",1,15,-0.772201351675195,-2.2391009272684737
1_20231224,2023-12-24,0,NA,NA,"{""type"":""MultiPoint"",""coordinates"":[]}",1,16,-0.7733991501487816,-3.1928219332510315
1_20231225,2023-12-25,0.03214004810195657,NA,NA,"{""type"":""MultiPoint"",""coordinates"":[]}",1,17,-0.7660909642314186,-2.780754008908036
1_20231226,2023-12-26,0.10362579845390062,NA,NA,"{""type"":""MultiPoint"",""coordinates"":[]}",1,18,-0.7498361300022691,-2.561634481540478
1_20231227,2023-12-27,0.00200727789640703,NA,NA,"{""type"":""MultiPoint"",""coordinates"":[]}",1,19,-0.7729427239477933,-2.156840505588722
1_20231228,2023-12-28,0.037945001564122643,NA,NA,"{""type"":""MultiPoint"",""coordinates"":[]}",1,20,-0.764771001081128,-2.0161685603552844
1_20231229,2023-12-29,0.01352756143953268,NA,NA,"{""type"":""MultiPoint"",""coordinates"":[]}",1,21,-0.7703231767185291,-2.309319787719122
1_20231230,2023-12-30,0.01229595194881555,NA,NA,"{""type"":""MultiPoint"",""coordinates"":[]}",1,22,-0.7706032270503518,-2.251561966341425
2_20240101,2024-01-01,0.03584083977786238,NA,NA,"{""type"":""MultiPoint"",""coordinates"":[]}",1,23,-0.7652494572889539,-2.5402759239282875
2_20240102,2024-01-02,0.18499668410565204,NA,NA,"{""type"":""MultiPoint"",""coordinates"":[]}",1,24,-0.7313335577996071,-2.0606461396630547
2_20240103,2024-01-03,0.5114364069629926,NA,NA,"{""type"":""MultiPoint"",""coordinates"":[]}",1,25,-0.657105847315607,-1.6607691209224644
2_20240104,2024-01-04,0.4530867713902874,NA,NA,"{""type"":""MultiPoint"",""coordinates"":[]}",1,26,-0.6703737174700931,-1.3424916798494673
2_20240105,2024-01-05,0.07159057695190797,NA,NA,"{""type"":""MultiPoint"",""coordinates"":[]}",1,27,-0.7571204798544465,-1.2219924556062707
2_20240106,2024-01-06,1.9331690945079243,NA,NA,"{""type"":""MultiPoint"",""coordinates"":[]}",0,0,-0.3338242276861113,-0.7844169231120701
2_20240107,2024-01-07,2.4254091413197396,NA,NA,"{""type"":""MultiPoint"",""coordinates"":[]}",0,0,-0.22189590179623248,-0.379352187397524
2_20240108,2024-01-08,0.9759753183296944,NA,NA,"{""type"":""MultiPoint"",""coordinates"":[]}",1,1,-0.5514763622772642,-0.20162316911507974
2_20240109,2024-01-09,1.4461830619203793,NA,NA,"{""type"":""MultiPoint"",""coordinates"":[]}",0,0,-0.4445578661056531,-0.2512396522677686
2_20240110,2024-01-10,0.04091945780957006,NA,NA,"{""type"":""MultiPoint"",""coordinates"":[]}",1,1,-0.7640946523968999,-0.6784074826976011
2_20240111,2024-01-11,4.404056082008612e-4,NA,NA,"{""type"":""MultiPoint"",""coordinates"":[]}",1,2,-0.7732990082307118,-0.981544441841254
2_20240112,2024-01-12,0.09630476733891705,NA,NA,"{""type"":""MultiPoint"",""coordinates"":[]}",1,3,-0.7515008274639956,-1.9874305977963358
2_20240113,2024-01-13,0.01411241406966455,NA,NA,"{""type"":""MultiPoint"",""coordinates"":[]}",1,4,-0.7701901896196391,-2.327173672064231
2_20240114,2024-01-14,0.07614085016240289,NA,NA,"{""type"":""MultiPoint"",""coordinates"":[]}",1,5,-0.7560858129960896,-2.152975115977604
2_20240115,2024-01-15,0.03196082833078034,NA,NA,"{""type"":""MultiPoint"",""coordinates"":[]}",1,6,-0.7661317162366325,-2.479097589545075
2_20240116,2024-01-16,0.1654570524179971,NA,NA,"{""type"":""MultiPoint"",""coordinates"":[]}",1,7,-0.7357765897663665,-2.0512711116220204
2_20240117,2024-01-17,0,NA,NA,"{""type"":""MultiPoint"",""coordinates"":[]}",1,8,-0.7733991501487816,-1.945379062092021
2_20240118,2024-01-18,0.00119347883172189,NA,NA,"{""type"":""MultiPoint"",""coordinates"":[]}",1,9,-0.7731277701818633,-2.101399192176506
2_20240119,2024-01-19,0.00775813287371076,NA,NA,"{""type"":""MultiPoint"",""coordinates"":[]}",1,10,-0.7716350620169647,-3.2444350093469145
2_20240120,2024-01-20,0.01379264870932592,NA,NA,"{""type"":""MultiPoint"",""coordinates"":[]}",1,11,-0.7702628996758244,-3.287849259392195
2_20240121,2024-01-21,0.00794817168536895,NA,NA,"{""type"":""MultiPoint"",""coordinates"":[]}",1,12,-0.7715918499171351,-2.70075152220473
2_20240122,2024-01-22,0.01218045085568301,NA,NA,"{""type"":""MultiPoint"",""coordinates"":[]}",1,13,-0.7706294903421674,-2.5065012913532527
2_20240123,2024-01-23,0.4414189984303224,NA,NA,"{""type"":""MultiPoint"",""coordinates"":[]}",1,14,-0.6730268016771392,-1.5285257835266637
2_20240124,2024-01-24,0.23521709774081517,NA,NA,"{""type"":""MultiPoint"",""coordinates"":[]}",1,15,-0.7199141561071032,-1.3354992871424958
2_20240125,2024-01-25,0.07738947205751837,NA,NA,"{""type"":""MultiPoint"",""coordinates"":[]}",1,16,-0.7558018942875347,-1.499863178431501
2_20240126,2024-01-26,0.05782816295199564,NA,NA,"{""type"":""MultiPoint"",""coordinates"":[]}",1,17,-0.7602498553881737,-1.8589647500305606
2_20240127,2024-01-27,0.01973363702052816,NA,NA,"{""type"":""MultiPoint"",""coordinates"":[]}",1,18,-0.7689120041521644,-2.3823655709540863
2_20240128,2024-01-28,0.034537959389036,NA,NA,"{""type"":""MultiPoint"",""coordinates"":[]}",1,19,-0.7655457136006876,-2.41848702123233
2_20240129,2024-01-29,0.08897957976422717,NA,NA,"{""type"":""MultiPoint"",""coordinates"":[]}",1,20,-0.7531664700450388,-2.0655352405813416
2_20240130,2024-01-30,0.02938940646968545,NA,NA,"{""type"":""MultiPoint"",""coordinates"":[]}",1,21,-0.7667164206830365,-2.1346933440407136
2_20240131,2024-01-31,0,NA,NA,"{""type"":""MultiPoint"",""coordinates"":[]}",1,22,-0.7733991501487816,-2.355317571821937
2_20240201,2024-02-01,0.00662841487246343,NA,NA,"{""type"":""MultiPoint"",""coordinates"":[]}",1,23,-0.7718919436856267,-3.1144201679268253
2_20240202,2024-02-02,0.00401103348557573,NA,NA,"{""type"":""MultiPoint"",""coordinates"":[]}",1,24,-0.7724870986689466,-3.0165345580441816
2_20240203,2024-02-03,0,NA,NA,"{""type"":""MultiPoint"",""coordinates"":[]}",1,25,-0.7733991501487816,-2.851391984614636
2_20240204,2024-02-04,9.76137406918372e-5,NA,NA,"{""type"":""MultiPoint"",""coordinates"":[]}",1,26,-0.7733769541843324,-3.0329623710859224
2_20240205,2024-02-05,0.03508634367329198,NA,NA,"{""type"":""MultiPoint"",""coordinates"":[]}",1,27,-0.7654210188805431,-2.44060234309115
2_20240206,2024-02-06,0.03809653253873255,NA,NA,"{""type"":""MultiPoint"",""coordinates"":[]}",1,28,-0.7647365451110818,-2.479051729084314
2_20240207,2024-02-07,8.632179384129926e-4,NA,NA,"{""type"":""MultiPoint"",""coordinates"":[]}",1,29,-0.7732028667716967,-2.5084263465757215
2_20240208,2024-02-08,1.7416503707375116e-4,NA,NA,"{""type"":""MultiPoint"",""coordinates"":[]}",1,30,-0.773359547517597,-2.9074303215250628
2_20240209,2024-02-09,0,NA,NA,"{""type"":""MultiPoint"",""coordinates"":[]}",1,31,-0.7733991501487816,-3.88281059244142
2_20240210,2024-02-10,0,NA,NA,"{""type"":""MultiPoint"",""coordinates"":[]}",1,32,-0.7733991501487816,-3.9042267592401902
2_20240211,2024-02-11,0.00118815807708002,NA,NA,"{""type"":""MultiPoint"",""coordinates"":[]}",1,33,-0.7731289800451473,-3.612870651319389
2_20240212,2024-02-12,0,NA,NA,"{""type"":""MultiPoint"",""coordinates"":[]}",1,34,-0.7733991501487816,-3.815697134619274
2_20240213,2024-02-13,0.06168498707812889,NA,NA,"{""type"":""MultiPoint"",""coordinates"":[]}",1,35,-0.7593728689046768,-2.8927480245496775
2_20240214,2024-02-14,0.3730428973316961,NA,NA,"{""type"":""MultiPoint"",""coordinates"":[]}",1,36,-0.6885745462712971,-1.6750860880306662
2_20240215,2024-02-15,0.4450476470570828,NA,NA,"{""type"":""MultiPoint"",""coordinates"":[]}",1,37,-0.6722016990292209,-1.246102231601985
2_20240216,2024-02-16,0.1423252892340715,NA,NA,"{""type"":""MultiPoint"",""coordinates"":[]}",1,38,-0.7410364209093774,-1.2002942070479903
2_20240217,2024-02-17,1.8624104846039016,NA,NA,"{""type"":""MultiPoint"",""coordinates"":[]}",0,0,-0.3499137206076006,-0.6704261422217006
2_20240218,2024-02-18,0.11453422324430838,NA,NA,"{""type"":""MultiPoint"",""coordinates"":[]}",1,1,-0.7473557106767915,-0.9239544232995229
2_20240219,2024-02-19,0.9681890172933788,NA,NA,"{""type"":""MultiPoint"",""coordinates"":[]}",1,2,-0.5532468554452096,-0.7167729342934263
2_20240220,2024-02-20,1.246720485709322,NA,NA,"{""type"":""MultiPoint"",""coordinates"":[]}",0,0,-0.4899127948189626,-0.9752636842679592
2_20240221,2024-02-21,0.20456443797726295,NA,NA,"{""type"":""MultiPoint"",""coordinates"":[]}",1,1,-0.7268841312516043,-0.8890852381189016
2_20240222,2024-02-22,0.4561387111578438,NA,NA,"{""type"":""MultiPoint"",""coordinates"":[]}",1,2,-0.669679750144371,-0.8950410955151343
2_20240223,2024-02-23,0.3688623332955223,NA,NA,"{""type"":""MultiPoint"",""coordinates"":[]}",1,3,-0.6895251465665697,-1.284782749704027
2_20240224,2024-02-24,0.6629609445222031,NA,NA,"{""type"":""MultiPoint"",""coordinates"":[]}",1,4,-0.6226513409622783,-1.1336266986482517
2_20240225,2024-02-25,0.04282905397060601,NA,NA,"{""type"":""MultiPoint"",""coordinates"":[]}",1,5,-0.7636604376213755,-1.4571984615357494
2_20240226,2024-02-26,0.02020405590066479,NA,NA,"{""type"":""MultiPoint"",""coordinates"":[]}",1,6,-0.7688050376465709,-1.4298073868877783
2_20240227,2024-02-27,0.15350304640928294,NA,NA,"{""type"":""MultiPoint"",""coordinates"":[]}",1,7,-0.7384947592629343,-1.8599229148146164
2_20240228,2024-02-28,1.5921962907094394,NA,NA,"{""type"":""MultiPoint"",""coordinates"":[]}",0,0,-0.41135655231172824,-0.8901752633778109
2_20240229,2024-02-29,3.4081248452736745,NA,NA,"{""type"":""MultiPoint"",""coordinates"":[]}",0,0,0.001559553081270818,-0.17736638122155432
2_20240301,2024-03-01,5.579402177709756,NA,NA,"{""type"":""MultiPoint"",""coordinates"":[]}",0,0,0.495276873393331,0.3232945938460688
2_20240302,2024-03-02,5.458450115086515,NA,NA,"{""type"":""MultiPoint"",""coordinates"":[]}",0,0,0.4677741093048926,0.6624839626183874
2_20240303,2024-03-03,7.9040863736335165,NA,NA,"{""type"":""MultiPoint"",""coordinates"":[]}",0,0,1.023876713974526,0.938678824567261
2_20240304,2024-03-04,2.342828848703195,NA,NA,"{""type"":""MultiPoint"",""coordinates"":[]}",0,0,-0.24067347579479784,0.7383900945687489
2_20240305,2024-03-05,2.1163502844119364,NA,NA,"{""type"":""MultiPoint"",""coordinates"":[]}",0,0,-0.29217145267670525,0.4860782397990924
2_20240306,2024-03-06,1.35677540744713,NA,NA,"{""type"":""MultiPoint"",""coordinates"":[]}",0,0,-0.4648878842578684,-0.17278079608646996
2_20240307,2024-03-07,6.505961396567729,NA,NA,"{""type"":""MultiPoint"",""coordinates"":[]}",0,0,0.7059631490759243,0.35072684392277753
2_20240308,2024-03-08,0.6102074168056035,NA,NA,"{""type"":""MultiPoint"",""coordinates"":[]}",1,1,-0.6346467364615835,0.27941162645123147
2_20240309,2024-03-09,1.4129476499168825,NA,NA,"{""type"":""MultiPoint"",""coordinates"":[]}",0,0,-0.4521151220621843,0.22968680766639493
2_20240310,2024-03-10,0.47679970889154233,NA,NA,"{""type"":""MultiPoint"",""coordinates"":[]}",1,1,-0.6649817356237615,-0.6691974823159569
2_20240311,2024-03-11,3.378279035947488,NA,NA,"{""type"":""MultiPoint"",""coordinates"":[]}",0,0,-0.005226955847340784,-0.21128816980725598
2_20240312,2024-03-12,2.3784159093019785,NA,NA,"{""type"":""MultiPoint"",""coordinates"":[]}",0,0,-0.2325814886800512,-0.0341514570060055
2_20240313,2024-03-13,3.6684413537280824,NA,NA,"{""type"":""MultiPoint"",""coordinates"":[]}",0,0,0.060751793090014834,0.21263149161183498
2_20240314,2024-03-14,9.50739356347144,NA,NA,"{""type"":""MultiPoint"",""coordinates"":[]}",0,0,1.3884457708972173,0.7452209556376211
2_20240315,2024-03-15,3.4583678537975584,NA,NA,"{""type"":""MultiPoint"",""coordinates"":[]}",0,0,0.012984092527365815,0.7791419699151584
2_20240316,2024-03-16,4.179337455159012,NA,NA,"{""type"":""MultiPoint"",""coordinates"":[]}",0,0,0.1769222381954111,0.8411390183270351
2_20240317,2024-03-17,2.929564393364522,NA,NA,"{""type"":""MultiPoint"",""coordinates"":[]}",0,0,-0.10725822914962752,0.33835436893240317
2_20240318,2024-03-18,6.838241186966235,NA,NA,"{""type"":""MultiPoint"",""coordinates"":[]}",0,0,0.7815188071480986,0.6292820954432967
2_20240319,2024-03-19,8.033055957854078,NA,NA,"{""type"":""MultiPoint"",""coordinates"":[]}",0,0,1.0532025474698243,1.0030911662299982
2_20240320,2024-03-20,2.9020841151110623,NA,NA,"{""type"":""MultiPoint"",""coordinates"":[]}",0,0,-0.1135068502437858,1.223723808756578
2_20240321,2024-03-21,2.694508981097456,NA,NA,"{""type"":""MultiPoint"",""coordinates"":[]}",0,0,-0.16070645823381274,0.7003685050382373
2_20240322,2024-03-22,2.8609234335649765,NA,NA,"{""type"":""MultiPoint"",""coordinates"":[]}",0,0,-0.12286619881320666,0.22737787258863573
2_20240323,2024-03-23,2.01996773837623,NA,NA,"{""type"":""MultiPoint"",""coordinates"":[]}",0,0,-0.3140874611214734,0.06242035604396022
2_20240324,2024-03-24,4.119794314439044,NA,NA,"{""type"":""MultiPoint"",""coordinates"":[]}",0,0,0.16338298209023008,0.26691017085295804
2_20240325,2024-03-25,5.173628661836682,NA,NA,"{""type"":""MultiPoint"",""coordinates"":[]}",0,0,0.40300979635177814,0.3894491194065748
2_20240326,2024-03-26,1.5148719906228247,NA,NA,"{""type"":""MultiPoint"",""coordinates"":[]}",0,0,-0.42893898900162664,0.35738651925537124
2_20240327,2024-03-27,1.2222239754205029,NA,NA,"{""type"":""MultiPoint"",""coordinates"":[]}",0,0,-0.4954829498775167,-0.00866446496875467
2_20240328,2024-03-28,7.485955625301304,NA,NA,"{""type"":""MultiPoint"",""coordinates"":[]}",0,0,0.9287997795255115,0.2780683389553853
2_20240329,2024-03-29,5.2203804109913445,NA,NA,"{""type"":""MultiPoint"",""coordinates"":[]}",0,0,0.4136404734963897,0.6035996796946432
2_20240330,2024-03-30,2.714789603645246,NA,NA,"{""type"":""MultiPoint"",""coordinates"":[]}",0,0,-0.15609493557432774,0.7371819855129472
2_20240331,2024-03-31,0.14792005822353715,NA,NA,"{""type"":""MultiPoint"",""coordinates"":[]}",1,1,-0.7397642506932656,0.14324489380880856
2_20240401,2024-04-01,1.1877081158956977,NA,NA,"{""type"":""MultiPoint"",""coordinates"":[]}",0,0,-0.5033313612334879,-0.45722965982599434
2_20240402,2024-04-02,4.219793696917757,NA,NA,"{""type"":""MultiPoint"",""coordinates"":[]}",0,0,0.18612140726176649,-0.14261538165805793
2_20240403,2024-04-03,3.830016435740279,NA,NA,"{""type"":""MultiPoint"",""coordinates"":[]}",0,0,0.09749164908563829,0.30575989191414693
2_20240404,2024-04-04,0.3451154452114558,NA,NA,"{""type"":""MultiPoint"",""coordinates"":[]}",1,1,-0.6949248482884413,0.1453928035509974
2_20240405,2024-04-05,1.4340031677546088,NA,NA,"{""type"":""MultiPoint"",""coordinates"":[]}",0,0,-0.44732739932896637,-0.11460418022243216
2_20240406,2024-04-06,5.138552734558567,NA,NA,"{""type"":""MultiPoint"",""coordinates"":[]}",0,0,0.39503403362238865,-0.06433306954880609
2_20240407,2024-04-07,3.1021686123502605,NA,NA,"{""type"":""MultiPoint"",""coordinates"":[]}",0,0,-0.06801050560959303,0.24846428541760765
2_20240408,2024-04-08,4.832081512365963,NA,NA,"{""type"":""MultiPoint"",""coordinates"":[]}",0,0,0.3253468737587839,0.5019610059873071
2_20240409,2024-04-09,0.4546034896939892,NA,NA,"{""type"":""MultiPoint"",""coordinates"":[]}",1,1,-0.6700288374838356,0.08714015481755016
2_20240410,2024-04-10,2.5042997453025793,NA,NA,"{""type"":""MultiPoint"",""coordinates"":[]}",0,0,-0.20395731006759887,0.07213980026077352
2_20240411,2024-04-11,0.8665709618813183,NA,NA,"{""type"":""MultiPoint"",""coordinates"":[]}",1,1,-0.5763533436233345,-0.4878713180282157
2_20240412,2024-04-12,3.9104092243385193,NA,NA,"{""type"":""MultiPoint"",""coordinates"":[]}",0,0,0.11577181604828288,0.04546324664264388
2_20240413,2024-04-13,4.170746117836341,NA,NA,"{""type"":""MultiPoint"",""coordinates"":[]}",0,0,0.17496869132349346,0.3409607323363327
2_20240414,2024-04-14,1.6825693060778557,NA,NA,"{""type"":""MultiPoint"",""coordinates"":[]}",0,0,-0.3908070249392139,0.3579427431891983
2_20240415,2024-04-15,1.358190801257588,NA,NA,"{""type"":""MultiPoint"",""coordinates"":[]}",0,0,-0.46456604400796275,0.09122908849961807
2_20240416,2024-04-16,7.262778925414026,NA,NA,"{""type"":""MultiPoint"",""coordinates"":[]}",0,0,0.8780525992466978,0.3190816173445073
2_20240417,2024-04-17,0.18374126200769797,NA,NA,"{""type"":""MultiPoint"",""coordinates"":[]}",1,1,-0.7316190227767443,0.2478765468598071
2_20240418,2024-04-18,1.126928129825013,NA,NA,"{""type"":""MultiPoint"",""coordinates"":[]}",0,0,-0.5171518582299517,0.12495469896684053
2_20240419,2024-04-19,0.27084133215775935,NA,NA,"{""type"":""MultiPoint"",""coordinates"":[]}",1,1,-0.7118137161993329,-1.112357137512893
2_20240420,2024-04-20,0.9700519763987372,NA,NA,"{""type"":""MultiPoint"",""coordinates"":[]}",1,2,-0.5528232452671783,-0.9642831031723792
2_20240421,2024-04-21,8.575519409379417,NA,NA,"{""type"":""MultiPoint"",""coordinates"":[]}",0,0,1.176550955180522,0.2378794845630651
2_20240422,2024-04-22,0.46910978771826595,NA,NA,"{""type"":""MultiPoint"",""coordinates"":[]}",1,1,-0.666730313393337,0.289538215440376
2_20240423,2024-04-23,6.7357699170987715,NA,NA,"{""type"":""MultiPoint"",""coordinates"":[]}",0,0,0.7582183102414339,0.7624577774069493
2_20240424,2024-04-24,0.4301126722260089,NA,NA,"{""type"":""MultiPoint"",""coordinates"":[]}",1,1,-0.6755976980765894,0.08946395583511833
2_20240425,2024-04-25,1.3697142966869575,NA,NA,"{""type"":""MultiPoint"",""coordinates"":[]}",0,0,-0.46194576644183855,0.2876636811861342
2_20240426,2024-04-26,0.3356800149159086,NA,NA,"{""type"":""MultiPoint"",""coordinates"":[]}",1,1,-0.6970703297946118,-0.8255032561886889
2_20240427,2024-04-27,1.7440135056624595,NA,NA,"{""type"":""MultiPoint"",""coordinates"":[]}",0,0,-0.37683549531724975,-0.4609648725887916
2_20240428,2024-04-28,5.948433971651418,NA,NA,"{""type"":""MultiPoint"",""coordinates"":[]}",0,0,0.5791894098957093,0.10898214678611173
2_20240429,2024-04-29,4.883205554568668,NA,NA,"{""type"":""MultiPoint"",""coordinates"":[]}",0,0,0.3369717476257814,0.5736576198428931
2_20240430,2024-04-30,1.4859834933407277,NA,NA,"{""type"":""MultiPoint"",""coordinates"":[]}",0,0,-0.4355078189032206,0.47551423813156385
2_20240501,2024-05-01,5.568923791150721,NA,NA,"{""type"":""MultiPoint"",""coordinates"":[]}",0,0,0.4928942385931433,0.45858509515771434
2_20240502,2024-05-02,2.1572485535225225,NA,NA,"{""type"":""MultiPoint"",""coordinates"":[]}",0,0,-0.282871772931039,0.1374946116203384
2_20240503,2024-05-03,1.418488188493836,NA,NA,"{""type"":""MultiPoint"",""coordinates"":[]}",0,0,-0.4508552830639896,0.16894778783101255
2_20240504,2024-05-04,0.3658359117940676,NA,NA,"{""type"":""MultiPoint"",""coordinates"":[]}",1,1,-0.6902133114046177,-0.4415604272783105
2_20240505,2024-05-05,1.6727405774638169,NA,NA,"{""type"":""MultiPoint"",""coordinates"":[]}",0,0,-0.39304193684148725,-0.5587580215369704
2_20240506,2024-05-06,4.770714972940154,NA,NA,"{""type"":""MultiPoint"",""coordinates"":[]}",0,0,0.31139300294296246,-0.015604776269036204
2_20240507,2024-05-07,4.89647094076515,NA,NA,"{""type"":""MultiPoint"",""coordinates"":[]}",0,0,0.33998810616644,0.6219612950481237
2_20240508,2024-05-08,2.5274088792976968,NA,NA,"{""type"":""MultiPoint"",""coordinates"":[]}",0,0,-0.19870262447752693,0.5817966717652193
2_20240509,2024-05-09,5.514546919964373,NA,NA,"{""type"":""MultiPoint"",""coordinates"":[]}",0,0,0.4805297180742667,0.6270547405338086
2_20240510,2024-05-10,3.1542954324220065,NA,NA,"{""type"":""MultiPoint"",""coordinates"":[]}",0,0,-0.05615761443915156,0.39286518312718016
2_20240511,2024-05-11,7.265605051273163,NA,NA,"{""type"":""MultiPoint"",""coordinates"":[]}",0,0,0.8786952197287494,0.8128604024724753
2_20240512,2024-05-12,5.153787455244268,NA,NA,"{""type"":""MultiPoint"",""coordinates"":[]}",0,0,0.39849819057750613,0.7262358861799307
2_20240513,2024-05-13,12.279697207427295,NA,NA,"{""type"":""MultiPoint"",""coordinates"":[]}",0,0,2.0188278532494435,1.316077767489352
2_20240514,2024-05-14,1.343716909002199,NA,NA,"{""type"":""MultiPoint"",""coordinates"":[]}",0,0,-0.46785719949144894,0.9277169425871349
2_20240515,2024-05-15,4.931732898303578,NA,NA,"{""type"":""MultiPoint"",""coordinates"":[]}",0,0,0.3480061695085824,0.9365289703564386
2_20240516,2024-05-16,14.687395104510234,NA,NA,"{""type"":""MultiPoint"",""coordinates"":[]}",0,0,2.5663038187149305,1.0460364873205035
2_20240517,2024-05-17,2.1257625260808277,NA,NA,"{""type"":""MultiPoint"",""coordinates"":[]}",0,0,-0.29003124393161567,1.1369866435401803
2_20240518,2024-05-18,1.598574690211973,NA,NA,"{""type"":""MultiPoint"",""coordinates"":[]}",0,0,-0.40990619575744247,1.0454218377165003
2_20240519,2024-05-19,0.680729784154434,NA,NA,"{""type"":""MultiPoint"",""coordinates"":[]}",1,1,-0.6186109617084512,-0.3814932463031338
2_20240520,2024-05-20,2.408310177880617,NA,NA,"{""type"":""MultiPoint"",""coordinates"":[]}",0,0,-0.2257839608125378,-0.2773296149717763
2_20240521,2024-05-21,0.16631300170080268,NA,NA,"{""type"":""MultiPoint"",""coordinates"":[]}",1,1,-0.7355819591773042,-0.4997022939726099
2_20240522,2024-05-22,11.671502935774557,NA,NA,"{""type"":""MultiPoint"",""coordinates"":[]}",0,0,1.8805331998931918,0.618706490233902
2_20240523,2024-05-23,0.4245910999911696,NA,NA,"{""type"":""MultiPoint"",""coordinates"":[]}",1,1,-0.6768532244006431,0.5493066475157323
2_20240524,2024-05-24,0.42442579138068715,NA,NA,"{""type"":""MultiPoint"",""coordinates"":[]}",1,2,-0.6768908132074586,0.49233226589790546
2_20240525,2024-05-25,13.731608471222088,NA,NA,"{""type"":""MultiPoint"",""coordinates"":[]}",0,0,2.3489716482327427,0.6727512600334548
2_20240526,2024-05-26,1.8229131555272529,NA,NA,"{""type"":""MultiPoint"",""coordinates"":[]}",0,0,-0.3588948466848152,0.7312691052636316
2_20240527,2024-05-27,0.36661272860555344,NA,NA,"{""type"":""MultiPoint"",""coordinates"":[]}",1,1,-0.6900366744044469,0.7541654211562705
2_20240528,2024-05-28,0.18317767728011175,NA,NA,"{""type"":""MultiPoint"",""coordinates"":[]}",1,2,-0.7317471738596649,-0.7670056780995944
2_20240529,2024-05-29,0.6094690915363044,NA,NA,"{""type"":""MultiPoint"",""coordinates"":[]}",1,3,-0.6348146210371888,-1.221934577215003
2_20240530,2024-05-30,11.401883506921742,NA,NA,"{""type"":""MultiPoint"",""coordinates"":[]}",0,0,1.8192256092281478,0.5620493768886607
2_20240531,2024-05-31,9.137733979077325,NA,NA,"{""type"":""MultiPoint"",""coordinates"":[]}",0,0,1.3043904838510585,1.4846418576418756
2_20240601,2024-06-01,5.639624468942164,NA,NA,"{""type"":""MultiPoint"",""coordinates"":[]}",0,0,0.5089705585832177,1.5008536714259744
2_20240602,2024-06-02,7.35992899427529,NA,NA,"{""type"":""MultiPoint"",""coordinates"":[]}",0,0,0.9001431313725505,1.2244256555863378
2_20240603,2024-06-03,2.099079068267484,NA,NA,"{""type"":""MultiPoint"",""coordinates"":[]}",0,0,-0.29609867948738744,0.6760276442584559
2_20240604,2024-06-04,5.657812436099971,NA,NA,"{""type"":""MultiPoint"",""coordinates"":[]}",0,0,0.5131062414243412,0.7579013639347283
2_20240605,2024-06-05,5.680180972579686,NA,NA,"{""type"":""MultiPoint"",""coordinates"":[]}",0,0,0.5181925257626375,0.5661424944101532
2_20240606,2024-06-06,2.162647341831302,NA,NA,"{""type"":""MultiPoint"",""coordinates"":[]}",0,0,-0.2816441659105428,0.5885792204914035
2_20240607,2024-06-07,12.435761723562404,NA,NA,"{""type"":""MultiPoint"",""coordinates"":[]}",0,0,2.0543146856088894,1.0254570646356183
2_20240608,2024-06-08,4.366433775702084,NA,NA,"{""type"":""MultiPoint"",""coordinates"":[]}",0,0,0.2194652577529972,0.963372308452103
2_20240609,2024-06-09,1.9485166901281736,NA,NA,"{""type"":""MultiPoint"",""coordinates"":[]}",0,0,-0.33033440458997043,0.9188365738739345
2_20240610,2024-06-10,6.1489270874673645,NA,NA,"{""type"":""MultiPoint"",""coordinates"":[]}",0,0,0.6247786685329768,0.5128896391677437
2_20240611,2024-06-11,2.795824530536764,NA,NA,"{""type"":""MultiPoint"",""coordinates"":[]}",0,0,-0.1376687555747068,0.4413587037232738
2_20240612,2024-06-12,2.6135216679525723,NA,NA,"{""type"":""MultiPoint"",""coordinates"":[]}",0,0,-0.17912181155042678,0.6455893554719028
2_20240613,2024-06-13,11.897877219164378,NA,NA,"{""type"":""MultiPoint"",""coordinates"":[]}",0,0,1.9320074647939312,0.971260006791254
2_20240614,2024-06-14,8.15280106194634,NA,NA,"{""type"":""MultiPoint"",""coordinates"":[]}",0,0,1.0804308665010878,1.253385710762364
2_20240615,2024-06-15,5.164120413289575,NA,NA,"{""type"":""MultiPoint"",""coordinates"":[]}",0,0,0.40084775701971725,1.2369822751062032
2_20240616,2024-06-16,8.266471721876977,NA,NA,"{""type"":""MultiPoint"",""coordinates"":[]}",0,0,1.1062779440626131,1.1506838823353747
2_20240617,2024-06-17,4.481668631512434,NA,NA,"{""type"":""MultiPoint"",""coordinates"":[]}",0,0,0.2456680110205408,0.8858916507938133
2_20240618,2024-06-18,4.346884061526291,NA,NA,"{""type"":""MultiPoint"",""coordinates"":[]}",0,0,0.21501993317305976,0.8541400803807241
2_20240619,2024-06-19,7.852229939781469,NA,NA,"{""type"":""MultiPoint"",""coordinates"":[]}",0,0,1.012085304751989,0.7824983747409052
2_20240620,2024-06-20,11.703957055739826,NA,NA,"{""type"":""MultiPoint"",""coordinates"":[]}",0,0,1.8879128012471844,1.261470560159353
2_20240621,2024-06-21,9.825167295007928,NA,NA,"{""type"":""MultiPoint"",""coordinates"":[]}",0,0,1.46070295926096,1.4650467775585374
2_20240622,2024-06-22,1.347237061168551,NA,NA,"{""type"":""MultiPoint"",""coordinates"":[]}",0,0,-0.46705676738234014,1.2003933762772279
2_20240623,2024-06-23,0.6006674033868701,NA,NA,"{""type"":""MultiPoint"",""coordinates"":[]}",1,1,-0.6368159986698126,0.5239318796368897
2_20240624,2024-06-24,7.872542323727625,NA,NA,"{""type"":""MultiPoint"",""coordinates"":[]}",0,0,1.0167040494978727,0.44864874466623567
2_20240625,2024-06-25,11.9977070973994,NA,NA,"{""type"":""MultiPoint"",""coordinates"":[]}",0,0,1.954707347131843,1.176216088718966
2_20240626,2024-06-26,6.9767335047771555,NA,NA,"{""type"":""MultiPoint"",""coordinates"":[]}",0,0,0.8130099736665178,1.4697555630200498
2_20240627,2024-06-27,10.80885489496126,NA,NA,"{""type"":""MultiPoint"",""coordinates"":[]}",0,0,1.684379409347724,1.443404461377382
2_20240628,2024-06-28,5.555282322596464,NA,NA,"{""type"":""MultiPoint"",""coordinates"":[]}",0,0,0.48979236431890105,1.2441714854182135
2_20240629,2024-06-29,14.164323785439324,NA,NA,"{""type"":""MultiPoint"",""coordinates"":[]}",0,0,2.447364903761105,1.5756451083983765
2_20240630,2024-06-30,13.194105334560076,NA,NA,"{""type"":""MultiPoint"",""coordinates"":[]}",0,0,2.226751144970565,1.7239543166086977
2_20240701,2024-07-01,0.9325429350442112,NA,NA,"{""type"":""MultiPoint"",""coordinates"":[]}",1,1,-0.5613522632366394,1.4822813064991078
2_20240702,2024-07-02,2.1601739325096827,NA,NA,"{""type"":""MultiPoint"",""coordinates"":[]}",0,0,-0.2822065837113747,0.7805891389979508
2_20240703,2024-07-03,17.97291158720607,NA,NA,"{""type"":""MultiPoint"",""coordinates"":[]}",0,0,3.313383139005051,1.051735389313766
2_20240704,2024-07-04,0.6226055947804012,NA,NA,"{""type"":""MultiPoint"",""coordinates"":[]}",1,1,-0.6318275686311888,1.0798348942203384
2_20240705,2024-07-05,0.8398468696675758,NA,NA,"{""type"":""MultiPoint"",""coordinates"":[]}",1,2,-0.5824300188588919,1.1144090439745835
2_20240706,2024-07-06,7.952817439027494,NA,NA,"{""type"":""MultiPoint"",""coordinates"":[]}",0,0,1.034957459240389,0.3994782239824521
2_20240707,2024-07-07,3.3184929111846695,NA,NA,"{""type"":""MultiPoint"",""coordinates"":[]}",0,0,-0.01882146303847145,0.5746279027406187
2_20240708,2024-07-08,10.900670966260735,NA,NA,"{""type"":""MultiPoint"",""coordinates"":[]}",0,0,1.7052570669395792,1.2263455929549474
2_20240709,2024-07-09,12.500528155639577,NA,NA,"{""type"":""MultiPoint"",""coordinates"":[]}",0,0,2.06904164324513,1.3073550982403692
2_20240710,2024-07-10,0.5222904787702662,NA,NA,"{""type"":""MultiPoint"",""coordinates"":[]}",1,1,-0.6546377870788478,1.2741929625680757
2_20240711,2024-07-11,12.694239656756393,NA,NA,"{""type"":""MultiPoint"",""coordinates"":[]}",0,0,2.1130888599761763,1.3384508875882906
2_20240712,2024-07-12,1.4170825756442127,NA,NA,"{""type"":""MultiPoint"",""coordinates"":[]}",0,0,-0.4511748992637008,0.6767747709503548
2_20240713,2024-07-13,0.07393402835300883,NA,NA,"{""type"":""MultiPoint"",""coordinates"":[]}",1,1,-0.7565876126206073,0.5933351122015229
2_20240714,2024-07-14,0.5080077268070845,NA,NA,"{""type"":""MultiPoint"",""coordinates"":[]}",1,2,-0.6578854800016272,-1.0127261303935278
2_20240715,2024-07-15,1.6254386091863202,NA,NA,"{""type"":""MultiPoint"",""coordinates"":[]}",0,0,-0.40379772592221685,-0.8100936780795803
2_20240716,2024-07-16,2.6507738035768513,NA,NA,"{""type"":""MultiPoint"",""coordinates"":[]}",0,0,-0.17065121025893473,-0.3242730512794136
2_20240717,2024-07-17,3.775418045839862,NA,NA,"{""type"":""MultiPoint"",""coordinates"":[]}",0,0,0.08507675838867543,0.13953652347393625
2_20240718,2024-07-18,0.9700222871002392,NA,NA,"{""type"":""MultiPoint"",""coordinates"":[]}",1,1,-0.5528299961877896,0.130695361968906
2_20240719,2024-07-19,0,NA,NA,"{""type"":""MultiPoint"",""coordinates"":[]}",1,2,-0.7733991501487816,-0.267825343824716
2_20240720,2024-07-20,4.511813728312829,NA,NA,"{""type"":""MultiPoint"",""coordinates"":[]}",0,0,0.252522573627769,-0.12797639439321595
2_20240721,2024-07-21,0.30285830572494554,NA,NA,"{""type"":""MultiPoint"",""coordinates"":[]}",1,1,-0.7045335156657796,-0.2747692980885416
2_20240722,2024-07-22,0.0030296629353543,NA,NA,"{""type"":""MultiPoint"",""coordinates"":[]}",1,2,-0.7727102482551604,-0.22628463332315857
2_20240723,2024-07-23,1.8171367214054104,NA,NA,"{""type"":""MultiPoint"",""coordinates"":[]}",0,0,-0.3602083249462013,-0.9228531860958625
2_20240724,2024-07-24,0.01895307152795949,NA,NA,"{""type"":""MultiPoint"",""coordinates"":[]}",1,1,-0.7690894935486419,-1.021552131091648
2_20240725,2024-07-25,0.03812286985990148,NA,NA,"{""type"":""MultiPoint"",""coordinates"":[]}",1,2,-0.7647305563820339,-1.1174356612229932
2_20240726,2024-07-26,0.07108438840700672,NA,NA,"{""type"":""MultiPoint"",""coordinates"":[]}",1,3,-0.7572355798687228,-2.366087432825999
2_20240727,2024-07-27,0.03608277634936936,NA,NA,"{""type"":""MultiPoint"",""coordinates"":[]}",1,4,-0.7651944443829628,-2.0603461847941267
2_20240728,2024-07-28,4.716154829248047,NA,NA,"{""type"":""MultiPoint"",""coordinates"":[]}",0,0,0.29898680888516066,-0.31812547569846955
2_20240729,2024-07-29,2.6944451251802497,NA,NA,"{""type"":""MultiPoint"",""coordinates"":[]}",0,0,-0.1607209781534279,0.06621735298834727
2_20240730,2024-07-30,0.08479691431979686,NA,NA,"{""type"":""MultiPoint"",""coordinates"":[]}",1,1,-0.754117548170406,0.14498293148339553
2_20240731,2024-07-31,0.00997171824838001,NA,NA,"{""type"":""MultiPoint"",""coordinates"":[]}",1,2,-0.7711317244547209,-0.6517164907359927
2_20240801,2024-08-01,0.17253513807981835,NA,NA,"{""type"":""MultiPoint"",""coordinates"":[]}",1,3,-0.7341671346158479,-1.7762697962627854
2_20240802,2024-08-02,0.06282916827112738,NA,NA,"{""type"":""MultiPoint"",""coordinates"":[]}",1,4,-0.7591126985136726,-1.7814218495703853
2_20240803,2024-08-03,0.1471621460692335,NA,NA,"{""type"":""MultiPoint"",""coordinates"":[]}",1,5,-0.7399365890455639,-1.592720874610003
2_20240804,2024-08-04,0.01936389176222926,NA,NA,"{""type"":""MultiPoint"",""coordinates"":[]}",1,6,-0.7689960789202277,-2.040640728436523
2_20240805,2024-08-05,0.04583349001309263,NA,NA,"{""type"":""MultiPoint"",""coordinates"":[]}",1,7,-0.7629772719613346,-2.0996608949508118
2_20240806,2024-08-06,0.03568853937034047,NA,NA,"{""type"":""MultiPoint"",""coordinates"":[]}",1,8,-0.7652840882170076,-2.5551968412841006
2_20240807,2024-08-07,2.133773941730754,NA,NA,"{""type"":""MultiPoint"",""coordinates"":[]}",0,0,-0.2882095629296084,-0.9468834283179239
2_20240808,2024-08-08,0.23965535083847417,NA,NA,"{""type"":""MultiPoint"",""coordinates"":[]}",1,1,-0.7189049610155741,-0.7578245375911088
2_20240809,2024-08-09,0,NA,NA,"{""type"":""MultiPoint"",""coordinates"":[]}",1,2,-0.7733991501487816,-0.8064750303548477
2_20240810,2024-08-10,0.7085401667304819,NA,NA,"{""type"":""MultiPoint"",""coordinates"":[]}",1,3,-0.6122872796263955,-1.393331540412422
2_20240811,2024-08-11,1.6625840618894998,NA,NA,"{""type"":""MultiPoint"",""coordinates"":[]}",0,0,-0.39535138279670917,-0.9010958503152839
2_20240812,2024-08-12,3.06846752224513,NA,NA,"{""type"":""MultiPoint"",""coordinates"":[]}",0,0,-0.07567365008668861,-0.15969190931510277
2_20240813,2024-08-13,2.7385763554887115,NA,NA,"{""type"":""MultiPoint"",""coordinates"":[]}",0,0,-0.15068616940537982,0.12068821804852502
2_20240814,2024-08-14,9.774386214284033e-4,NA,NA,"{""type"":""MultiPoint"",""coordinates"":[]}",1,1,-0.7731768946267753,-0.1405936428236835
2_20240815,2024-08-15,0.00444632297649258,NA,NA,"{""type"":""MultiPoint"",""coordinates"":[]}",1,2,-0.7723881200825612,-0.6012555992421567
2_20240816,2024-08-16,5.953338610336412,NA,NA,"{""type"":""MultiPoint"",""coordinates"":[]}",0,0,0.5803046543799031,-0.1888646259469805
2_20240817,2024-08-17,3.838772705648806,NA,NA,"{""type"":""MultiPoint"",""coordinates"":[]}",0,0,0.09948269926176515,0.2605701049280227
2_20240818,2024-08-18,0.03885210817517086,NA,NA,"{""type"":""MultiPoint"",""coordinates"":[]}",1,1,-0.7645647380494307,0.2020693501546
2_20240819,2024-08-19,9.357576276868992,NA,NA,"{""type"":""MultiPoint"",""coordinates"":[]}",0,0,1.3543794689224269,0.5468138737651982
2_20240820,2024-08-20,14.76121060995859,NA,NA,"{""type"":""MultiPoint"",""coordinates"":[]}",0,0,2.583088405834695,1.215593782598023
2_20240821,2024-08-21,3.6703399418046407,NA,NA,"{""type"":""MultiPoint"",""coordinates"":[]}",0,0,0.061183504785030374,1.4551743055076358
2_20240822,2024-08-22,1.5476139535392783,NA,NA,"{""type"":""MultiPoint"",""coordinates"":[]}",0,0,-0.42149393628939136,1.1501303571411612
2_20240823,2024-08-23,6.604156625013634,NA,NA,"{""type"":""MultiPoint"",""coordinates"":[]}",0,0,0.7282913354994198,0.6737552981563093
2_20240824,2024-08-24,10.625073160256203,NA,NA,"{""type"":""MultiPoint"",""coordinates"":[]}",0,0,1.6425900790648527,1.0691710303486532
2_20240825,2024-08-25,2.1552875153320747,NA,NA,"{""type"":""MultiPoint"",""coordinates"":[]}",0,0,-0.28331768488616044,1.0656593729877692
2_20240826,2024-08-26,2.9707223084032104,NA,NA,"{""type"":""MultiPoint"",""coordinates"":[]}",0,0,-0.09789950964430567,0.7184872134435325
2_20240827,2024-08-27,8.735776455866135,NA,NA,"{""type"":""MultiPoint"",""coordinates"":[]}",0,0,1.2129911088037242,0.6696649171352996
2_20240828,2024-08-28,3.384169765402549,NA,NA,"{""type"":""MultiPoint"",""coordinates"":[]}",0,0,-0.0038874884666479344,0.6913600205278184
2_20240829,2024-08-29,3.1294200065770537,NA,NA,"{""type"":""MultiPoint"",""coordinates"":[]}",0,0,-0.06181392945995649,0.7228520206469604
2_20240830,2024-08-30,12.415875083101772,NA,NA,"{""type"":""MultiPoint"",""coordinates"":[]}",0,0,2.0497927488246943,0.9378509286016793
2_20240831,2024-08-31,8.278066909133287,NA,NA,"{""type"":""MultiPoint"",""coordinates"":[]}",0,0,1.108914523321827,1.2569824488827448
2_20240901,2024-09-01,0.12786696982019852,NA,NA,"{""type"":""MultiPoint"",""coordinates"":[]}",1,1,-0.7443240353520817,1.03818788579298
2_20240902,2024-09-02,4.329580339429831e-4,NA,NA,"{""type"":""MultiPoint"",""coordinates"":[]}",1,2,-0.7733007017022693,0.13801647820361182
2_20240903,2024-09-03,0.09970074101165496,NA,NA,"{""type"":""MultiPoint"",""coordinates"":[]}",1,3,-0.7507286317631022,-2.0848869087094455
2_20240904,2024-09-04,0.8618945250642974,NA,NA,"{""type"":""MultiPoint"",""coordinates"":[]}",1,4,-0.5774166982761084,-1.5274158391034451
2_20240905,2024-09-05,0.01951508411000924,NA,NA,"{""type"":""MultiPoint"",""coordinates"":[]}",1,5,-0.7689616999490652,-1.2745821305182279
2_20240906,2024-09-06,0.14629473382979705,NA,NA,"{""type"":""MultiPoint"",""coordinates"":[]}",1,6,-0.740133826146538,-1.1681704343480628
2_20240907,2024-09-07,7.630043138897021,NA,NA,"{""type"":""MultiPoint"",""coordinates"":[]}",0,0,0.9615632133071788,0.08532722272228499
2_20240908,2024-09-08,0.9995260245326186,NA,NA,"{""type"":""MultiPoint"",""coordinates"":[]}",1,1,-0.5461212695011062,0.24505059912646293
2_20240909,2024-09-09,0.35712574738894576,NA,NA,"{""type"":""MultiPoint"",""coordinates"":[]}",1,2,-0.6921938778506135,0.16820320355747742
2_20240910,2024-09-10,8.781151177314916,NA,NA,"{""type"":""MultiPoint"",""coordinates"":[]}",0,0,1.2233086696002824,0.29394593781345274
2_20240911,2024-09-11,2.717604807921211,NA,NA,"{""type"":""MultiPoint"",""coordinates"":[]}",0,0,-0.15545479850362887,0.3959242964767954
2_20240912,2024-09-12,3.05908702947154,NA,NA,"{""type"":""MultiPoint"",""coordinates"":[]}",0,0,-0.0778066395883969,0.6520395570522709
2_20240913,2024-09-13,4.2884373784637715,NA,NA,"{""type"":""MultiPoint"",""coordinates"":[]}",0,0,0.2017299958114515,0.29406910806041625
2_20240914,2024-09-14,9.327206531518511,NA,NA,"{""type"":""MultiPoint"",""coordinates"":[]}",0,0,1.3474738244572972,0.8238038372123528
2_20240915,2024-09-15,4.465018472874759,NA,NA,"{""type"":""MultiPoint"",""coordinates"":[]}",0,0,0.24188200377837019,1.0225924804487625
2_20240916,2024-09-16,1.2240142455222942,NA,NA,"{""type"":""MultiPoint"",""coordinates"":[]}",0,0,-0.4950758681362361,0.986458141135888
2_20240917,2024-09-17,7.327657298300831,NA,NA,"{""type"":""MultiPoint"",""coordinates"":[]}",0,0,0.8928050106173547,0.6507704888004987
2_20240918,2024-09-18,10.09916200996274,NA,NA,"{""type"":""MultiPoint"",""coordinates"":[]}",0,0,1.5230054272259261,1.0209783932400445
2_20240919,2024-09-19,1.5129530890929876,NA,NA,"{""type"":""MultiPoint"",""coordinates"":[]}",0,0,-0.42937531968453896,0.9111215872727424
2_20240920,2024-09-20,3.176733502905749,NA,NA,"{""type"":""MultiPoint"",""coordinates"":[]}",0,0,-0.05105551906574415,0.7353163038520998
2_20240921,2024-09-21,2.4547675352259537,NA,NA,"{""type"":""MultiPoint"",""coordinates"":[]}",0,0,-0.21522022414257252,-0.03667114056419168
2_20240922,2024-09-22,4.6199343477490045,NA,NA,"{""type"":""MultiPoint"",""coordinates"":[]}",0,0,0.27710765159135525,0.3048917934386328
2_20240923,2024-09-23,2.820617354577929,NA,NA,"{""type"":""MultiPoint"",""coordinates"":[]}",0,0,-0.1320312230192322,0.208625236671194
2_20240924,2024-09-24,2.0540541349404644,NA,NA,"{""type"":""MultiPoint"",""coordinates"":[]}",0,0,-0.30633670348246345,0.2052701206080701
2_20240925,2024-09-25,19.83959089541864,NA,NA,"{""type"":""MultiPoint"",""coordinates"":[]}",0,0,3.7378392378022838,1.2436736107405604
2_20240926,2024-09-26,12.14098755689005,NA,NA,"{""type"":""MultiPoint"",""coordinates"":[]}",0,0,1.9872872683865068,1.7418892460397877
2_20240927,2024-09-27,5.026588860023112,NA,NA,"{""type"":""MultiPoint"",""coordinates"":[]}",0,0,0.36957505457737627,2.0550174932319334
2_20240928,2024-09-28,6.842630521742994,NA,NA,"{""type"":""MultiPoint"",""coordinates"":[]}",0,0,0.7825168789151459,1.6862543743363902
2_20240929,2024-09-29,7.423669016435621,NA,NA,"{""type"":""MultiPoint"",""coordinates"":[]}",0,0,0.914636698116658,1.102399665428029
2_20240930,2024-09-30,5.173781675652339,NA,NA,"{""type"":""MultiPoint"",""coordinates"":[]}",0,0,0.40304458949860855,1.068999432126008
2_20241001,2024-10-01,8.707493867025025,NA,NA,"{""type"":""MultiPoint"",""coordinates"":[]}",0,0,1.2065600537903813,1.0409545488924434
2_20241002,2024-10-02,3.9250728070857335,NA,NA,"{""type"":""MultiPoint"",""coordinates"":[]}",0,0,0.119106104428665,0.9321994851038298
2_20241003,2024-10-03,6.053020471425792,NA,NA,"{""type"":""MultiPoint"",""coordinates"":[]}",0,0,0.6029708797420732,0.9357229914145286
2_20241004,2024-10-04,5.129723923851939,NA,NA,"{""type"":""MultiPoint"",""coordinates"":[]}",0,0,0.3930264887093084,0.7123682421940007
2_20241005,2024-10-05,24.210554377527338,NA,NA,"{""type"":""MultiPoint"",""coordinates"":[]}",0,0,4.731733635966229,1.8240328163441497
2_20241006,2024-10-06,8.658083598051874,NA,NA,"{""type"":""MultiPoint"",""coordinates"":[]}",0,0,1.1953248673731989,1.9438685618082667
2_20241007,2024-10-07,10.931961035028433,NA,NA,"{""type"":""MultiPoint"",""coordinates"":[]}",0,0,1.7123719797485457,2.0372052949349486
2_20241008,2024-10-08,12.571869415895405,NA,NA,"{""type"":""MultiPoint"",""coordinates"":[]}",0,0,2.0852636224990073,1.659538903083074
2_20241009,2024-10-09,14.950400978154756,NA,NA,"{""type"":""MultiPoint"",""coordinates"":[]}",0,0,2.626107581791303,2.1189506467972774
2_20241010,2024-10-10,2.1590275265539094,NA,NA,"{""type"":""MultiPoint"",""coordinates"":[]}",0,0,-0.2824672599815217,2.0463126704621377
2_20241011,2024-10-11,8.116097729114122,NA,NA,"{""type"":""MultiPoint"",""coordinates"":[]}",0,0,1.072085055092412,1.4498924959402373
2_20241012,2024-10-12,5.318013346165133,NA,NA,"{""type"":""MultiPoint"",""coordinates"":[]}",0,0,0.4358408024954135,0.8216655336083513
2_20241013,2024-10-13,11.978863883528836,NA,NA,"{""type"":""MultiPoint"",""coordinates"":[]}",0,0,1.9504226705871825,1.2463957721685428
2_20241014,2024-10-14,4.7956225650395545,NA,NA,"{""type"":""MultiPoint"",""coordinates"":[]}",0,0,0.31705663210863183,1.1782389579556791
2_20241015,2024-10-15,2.27743327146187,NA,NA,"{""type"":""MultiPoint"",""coordinates"":[]}",0,0,-0.25554349201682636,0.9588701929726869
2_20241016,2024-10-16,4.753980424766241,NA,NA,"{""type"":""MultiPoint"",""coordinates"":[]}",0,0,0.3075878067307459,0.4489259276896594
2_20241017,2024-10-17,16.000206146641872,NA,NA,"{""type"":""MultiPoint"",""coordinates"":[]}",0,0,2.864818218563664,1.1934055247488047
2_20241018,2024-10-18,1.447787069116074,NA,NA,"{""type"":""MultiPoint"",""coordinates"":[]}",0,0,-0.4441931378774396,1.1635765260691595
2_20241019,2024-10-19,5.105321452045767,NA,NA,"{""type"":""MultiPoint"",""coordinates"":[]}",0,0,0.38747771665280806,1.132330872732084
2_20241020,2024-10-20,3.184587263977971,NA,NA,"{""type"":""MultiPoint"",""coordinates"":[]}",0,0,-0.049269686453289156,0.27233996411104044
2_20241021,2024-10-21,3.5264394716351375,NA,NA,"{""type"":""MultiPoint"",""coordinates"":[]}",0,0,0.028462601995508822,0.5278868298719727
2_20241022,2024-10-22,8.737300659376208,NA,NA,"{""type"":""MultiPoint"",""coordinates"":[]}",0,0,1.2133376908185418,1.0253662187004626
2_20241023,2024-10-23,3.472644945852147,NA,NA,"{""type"":""MultiPoint"",""coordinates"":[]}",0,0,0.016230498468117582,0.8605735607564565
2_20241024,2024-10-24,7.385321406100752,NA,NA,"{""type"":""MultiPoint"",""coordinates"":[]}",0,0,0.9059170015896094,1.0782962413361092
2_20241025,2024-10-25,6.302667607573233,NA,NA,"{""type"":""MultiPoint"",""coordinates"":[]}",0,0,0.6597370575310743,0.8064717644399806
2_20241026,2024-10-26,5.361651192666085,NA,NA,"{""type"":""MultiPoint"",""coordinates"":[]}",0,0,0.44576342284279535,1.0070982265772868
2_20241027,2024-10-27,5.342137956170019,NA,NA,"{""type"":""MultiPoint"",""coordinates"":[]}",0,0,0.44132639276398716,0.8257410500278948
2_20241028,2024-10-28,7.119243616519839,NA,NA,"{""type"":""MultiPoint"",""coordinates"":[]}",0,0,0.8454147288932623,0.903415063986798
2_20241029,2024-10-29,6.815666621393876,NA,NA,"{""type"":""MultiPoint"",""coordinates"":[]}",0,0,0.7763856747494431,0.960791486170947
2_20241030,2024-10-30,3.397672648307977,NA,NA,"{""type"":""MultiPoint"",""coordinates"":[]}",0,0,-8.171265810587282e-4,0.8541049718761413
2_20241031,2024-10-31,2.7845895021375227,NA,NA,"{""type"":""MultiPoint"",""coordinates"":[]}",0,0,-0.14022343987598854,0.5348480875087848
2_20241101,2024-11-01,0.4652293244360058,NA,NA,"{""type"":""MultiPoint"",""coordinates"":[]}",1,1,-0.6676126750818538,-0.06402674293394853
2_20241102,2024-11-02,0.36663657391471377,NA,NA,"{""type"":""MultiPoint"",""coordinates"":[]}",1,2,-0.6900312523231842,-0.5361279893155129
2_20241103,2024-11-03,1.2785568254827908,NA,NA,"{""type"":""MultiPoint"",""coordinates"":[]}",0,0,-0.48267366781906607,-0.9896616568716313
2_20241104,2024-11-04,3.6470595025254786,NA,NA,"{""type"":""MultiPoint"",""coordinates"":[]}",0,0,0.055889866830591904,-0.18178865375032688
2_20241105,2024-11-05,1.7630777379863432,NA,NA,"{""type"":""MultiPoint"",""coordinates"":[]}",0,0,-0.37250056234662177,0.02925068498634544
2_20241106,2024-11-06,0.04891632258161937,NA,NA,"{""type"":""MultiPoint"",""coordinates"":[]}",1,1,-0.7622762800558022,-0.18571196035631615
2_20241107,2024-11-07,2.264361254432236,NA,NA,"{""type"":""MultiPoint"",""coordinates"":[]}",0,0,-0.2585158811826561,-0.343566718879395
2_20241108,2024-11-08,1.6939135912060217,NA,NA,"{""type"":""MultiPoint"",""coordinates"":[]}",0,0,-0.3882274972249674,-0.495061914715331
2_20241109,2024-11-09,0.5285994581074009,NA,NA,"{""type"":""MultiPoint"",""coordinates"":[]}",1,1,-0.6532032156744019,-0.41183334921585
2_20241110,2024-11-10,2.375597206836565,NA,NA,"{""type"":""MultiPoint"",""coordinates"":[]}",0,0,-0.23322242118885214,-0.4779233906978196
2_20241111,2024-11-11,0.7621828015052647,NA,NA,"{""type"":""MultiPoint"",""coordinates"":[]}",1,1,-0.6000897139355263,-0.5989305681881301
2_20241112,2024-11-12,1.551105821675788,NA,NA,"{""type"":""MultiPoint"",""coordinates"":[]}",0,0,-0.42069993556295887,-0.3199693338576428
2_20241113,2024-11-13,1.485693848999463,NA,NA,"{""type"":""MultiPoint"",""coordinates"":[]}",0,0,-0.4355736798717281,-0.49279709993940357
2_20241114,2024-11-14,3.49429377891196,NA,NA,"{""type"":""MultiPoint"",""coordinates"":[]}",0,0,0.02115313257224747,-0.052982373761932704
2_20241115,2024-11-15,4.202626138437239,NA,NA,"{""type"":""MultiPoint"",""coordinates"":[]}",0,0,0.1822177507169839,0.3706069053657908
2_20241116,2024-11-16,1.392307631974498,NA,NA,"{""type"":""MultiPoint"",""coordinates"":[]}",0,0,-0.45680836607918596,0.2893254516660812
2_20241117,2024-11-17,0.03414969519112011,NA,NA,"{""type"":""MultiPoint"",""coordinates"":[]}",1,1,-0.7656339993099817,-0.10756498338046591
2_20241118,2024-11-18,0.33082560451180104,NA,NA,"{""type"":""MultiPoint"",""coordinates"":[]}",1,2,-0.6981741530882128,-0.8928295806401938
2_20241119,2024-11-19,0.6894134188017281,NA,NA,"{""type"":""MultiPoint"",""coordinates"":[]}",1,3,-0.6166364277488391,-1.1315702954497149
2_20241120,2024-11-20,0.142526622004345,NA,NA,"{""type"":""MultiPoint"",""coordinates"":[]}",1,4,-0.7409906407253606,-1.2733584695549178
2_20241121,2024-11-21,0.0327948724785467,NA,NA,"{""type"":""MultiPoint"",""coordinates"":[]}",1,5,-0.7659420665610679,-1.4478618255968723
2_20241122,2024-11-22,0.31702985410167883,NA,NA,"{""type"":""MultiPoint"",""coordinates"":[]}",1,6,-0.70131110884344,-1.8624816388160765
2_20241123,2024-11-23,1.772035939213211,NA,NA,"{""type"":""MultiPoint"",""coordinates"":[]}",0,0,-0.37046359588523325,-0.9746965551398804
2_20241124,2024-11-24,0.00667064566590347,NA,NA,"{""type"":""MultiPoint"",""coordinates"":[]}",1,1,-0.7718823410089625,-0.8406094001465525
2_20241125,2024-11-25,0.07852394287987448,NA,NA,"{""type"":""MultiPoint"",""coordinates"":[]}",1,2,-0.7555439318955278,-0.9562307878233658
2_20241126,2024-11-26,0.26132734055802265,NA,NA,"{""type"":""MultiPoint"",""coordinates"":[]}",1,3,-0.7139770614191825,-1.89848601211961
2_20241127,2024-11-27,0.13421496714753112,NA,NA,"{""type"":""MultiPoint"",""coordinates"":[]}",1,4,-0.7428805918163439,-1.941612326040796
2_20241128,2024-11-28,0.07450490835616642,NA,NA,"{""type"":""MultiPoint"",""coordinates"":[]}",1,5,-0.7564578026966661,-1.6391260949229858
2_20241129,2024-11-29,0.02988243449914471,NA,NA,"{""type"":""MultiPoint"",""coordinates"":[]}",1,6,-0.7666043131811955,-1.8216998578312362
2_20241130,2024-11-30,0.2368136056373115,NA,NA,"{""type"":""MultiPoint"",""coordinates"":[]}",1,7,-0.7195511331119564,-1.6524665320249188
2_20241201,2024-12-01,0.3872390758661303,NA,NA,"{""type"":""MultiPoint"",""coordinates"":[]}",1,8,-0.6853465389043943,-1.3592966377516802
2_20241202,2024-12-02,8.802041911810402e-6,NA,NA,"{""type"":""MultiPoint"",""coordinates"":[]}",1,9,-0.7733971486907085,-1.5931518945397352
2_20241203,2024-12-03,0.27403080030202537,NA,NA,"{""type"":""MultiPoint"",""coordinates"":[]}",1,10,-0.7110884768934719,-1.5846334161583038
2_20241204,2024-12-04,0.2240233730383097,NA,NA,"{""type"":""MultiPoint"",""coordinates"":[]}",1,11,-0.7224594485402127,-1.8568135439295743
2_20241205,2024-12-05,0.1772390560921389,NA,NA,"{""type"":""MultiPoint"",""coordinates"":[]}",1,12,-0.7330975311334568,-1.6262201272825976
2_20241206,2024-12-06,0.1335184076148942,NA,NA,"{""type"":""MultiPoint"",""coordinates"":[]}",1,13,-0.7430389794625252,-1.5346545944846373
2_20241207,2024-12-07,0.23268540782024272,NA,NA,"{""type"":""MultiPoint"",""coordinates"":[]}",1,14,-0.7204898260801524,-1.5998089416900587
2_20241208,2024-12-08,0.2529760017856079,NA,NA,"{""type"":""MultiPoint"",""coordinates"":[]}",1,15,-0.7158760360633422,-1.6183439169433114
2_20241209,2024-12-09,0.5088354862803731,NA,NA,"{""type"":""MultiPoint"",""coordinates"":[]}",1,16,-0.6576972593708906,-1.506533693433585
2_20241210,2024-12-10,0.03352348394241937,NA,NA,"{""type"":""MultiPoint"",""coordinates"":[]}",1,17,-0.7657763907654808,-1.3837353344695769
2_20241211,2024-12-11,0.00791977551965757,NA,NA,"{""type"":""MultiPoint"",""coordinates"":[]}",1,18,-0.7715983067978995,-1.4679433380314146
2_20241212,2024-12-12,0.4383925941466887,NA,NA,"{""type"":""MultiPoint"",""coordinates"":[]}",1,19,-0.6737149626001018,-1.512144859196358
2_20241213,2024-12-13,0.17428558189842946,NA,NA,"{""type"":""MultiPoint"",""coordinates"":[]}",1,20,-0.733769108800089,-1.3830343879354534
2_20241214,2024-12-14,0,NA,NA,"{""type"":""MultiPoint"",""coordinates"":[]}",1,21,-0.7733991501487816,-1.602062500815084
2_20241215,2024-12-15,0,NA,NA,"{""type"":""MultiPoint"",""coordinates"":[]}",1,22,-0.7733991501487816,-2.1806046968160877
2_20241216,2024-12-16,0,NA,NA,"{""type"":""MultiPoint"",""coordinates"":[]}",1,23,-0.7733991501487816,-Inf
2_20241217,2024-12-17,0.02278267226657281,NA,NA,"{""type"":""MultiPoint"",""coordinates"":[]}",1,24,-0.7682186972729712,-2.985132140732427
2_20241218,2024-12-18,0.01724730599332554,NA,NA,"{""type"":""MultiPoint"",""coordinates"":[]}",1,25,-0.7694773601634953,-2.499744990786583
2_20241219,2024-12-19,0.1537500834979027,NA,NA,"{""type"":""MultiPoint"",""coordinates"":[]}",1,26,-0.738438586572514,-2.0421246076602553
2_20241220,2024-12-20,0.01062155695111145,NA,NA,"{""type"":""MultiPoint"",""coordinates"":[]}",1,27,-0.7709839604550905,-2.1814596069714756
2_20241221,2024-12-21,0.25196669595951016,NA,NA,"{""type"":""MultiPoint"",""coordinates"":[]}",1,28,-0.7161055377305829,-2.0119092158345113
2_20241222,2024-12-22,0,NA,NA,"{""type"":""MultiPoint"",""coordinates"":[]}",1,29,-0.7733991501487816,-1.8965615052144662
2_20241223,2024-12-23,0.0737637396310426,NA,NA,"{""type"":""MultiPoint"",""coordinates"":[]}",1,30,-0.7566263338333389,-1.6953416862095454
2_20241224,2024-12-24,0.00208758668910166,NA,NA,"{""type"":""MultiPoint"",""coordinates"":[]}",1,31,-0.7729244628802943,-2.1965374767833525
2_20241225,2024-12-25,0.05348683839763819,NA,NA,"{""type"":""MultiPoint"",""coordinates"":[]}",1,32,-0.7612370103193116,-2.0097777367079086
2_20241226,2024-12-26,0.03100527399120292,NA,NA,"{""type"":""MultiPoint"",""coordinates"":[]}",1,33,-0.7663489955868569,-2.41874791093919
2_20241227,2024-12-27,0.0383696566962525,NA,NA,"{""type"":""MultiPoint"",""coordinates"":[]}",1,34,-0.7646744405953901,-2.318722986541643
2_20241228,2024-12-28,0.04746207949440236,NA,NA,"{""type"":""MultiPoint"",""coordinates"":[]}",1,35,-0.7626069540739837,-2.497112092782671
2_20241229,2024-12-29,0.00285281615454216,NA,NA,"{""type"":""MultiPoint"",""coordinates"":[]}",1,36,-0.772750460676404,-2.508149343558785
2_20241230,2024-12-30,0.1953900301080389,NA,NA,"{""type"":""MultiPoint"",""coordinates"":[]}",1,37,-0.7289702600021685,-1.8603516207365325
